0.000,1,0,0,0,0,0,0,0,0,0,0,0,0,0,0,0,0,
1.200,2,0,0,0,0,0,0,0,0,0,0,0,0,0,0,0,0,
1.427,3,0,0,0,0,0,0,0,0,0,0,0,0,0,0,0,0,
1.508,4,0,0,0,0,0,0,0,0,0,0,0,0,0,0,0,0,
1.579,5,0,0,0,0,0,0,0,0,0,0,0,0,0,0,0,0,
1.701,6,0,0,0,0,0,0,0,0,0,0,0,0,0,0,0,0,
1.779,7,0,0,0,0,0,0,0,0,0,0,0,0,0,0,0,0,
1.843,8,0,0,0,0,0,0,0,0,0,0,0,0,0,0,0,0,
1.916,9,0,0,0,0,0,0,0,0,0,0,0,0,0,0,0,0,
1.981,10,0,0,0,0,0,0,0,0,0,0,0,0,0,0,0,0,
2.053,11,0,0,0,0,0,0,0,0,0,0,0,0,0,0,0,0,
2.114,12,0,0,0,0,0,0,0,0,0,0,0,0,0,0,0,0,
2.178,13,0,0,0,0,0,0,0,0,0,0,0,0,0,0,0,0,
2.243,14,0,0,0,0,0,0,0,0,0,0,0,0,0,0,0,0,
2.306,15,0,0,0,0,0,0,0,0,0,0,0,0,0,0,0,0,
2.370,16,0,0,0,0,0,0,0,0,0,0,0,0,0,0,0,0,
2.436,17,0,0,0,0,0,0,0,0,0,0,0,0,0,0,0,0,
2.501,18,0,0,0,0,0,0,0,0,0,0,0,0,0,0,0,0,
2.565,19,0,0,0,0,0,0,0,0,0,0,0,0,0,0,0,0,
2.625,20,0,0,0,0,0,0,0,0,0,0,0,0,0,0,0,0,
2.688,21,0,0,0,0,0,0,0,0,0,0,0,0,0,0,0,0,
2.752,22,0,0,0,0,0,0,0,0,0,0,0,0,0,0,0,0,
2.815,23,0,0,0,0,0,0,0,0,0,0,0,0,0,0,0,0,
2.878,24,0,0,0,0,0,0,0,0,0,0,0,0,0,0,0,0,
2.942,25,0,0,0,0,0,0,0,0,0,0,0,0,0,0,0,0,
3.018,26,0,0,0,0,0,0,0,0,0,0,0,0,0,0,0,0,
3.078,27,0,0,0,0,0,0,0,0,0,0,0,0,0,0,0,0,
3.139,28,0,0,0,0,0,0,0,0,0,0,0,0,0,0,0,0,
3.193,29,0,0,0,0,0,0,0,0,0,0,0,0,0,0,0,0,
3.253,30,0,0,0,0,0,0,0,0,0,0,0,0,0,0,0,0,
3.315,31,0,0,0,0,0,0,0,0,0,0,0,0,0,0,0,0,
3.379,32,0,0,0,0,0,0,0,0,0,0,0,0,0,0,0,0,
3.445,33,0,0,0,0,0,0,0,0,0,0,0,0,0,0,0,0,
3.509,34,0,0,0,0,0,0,0,0,0,0,0,0,0,0,0,0,
3.569,35,0,0,0,0,0,0,0,0,0,0,0,0,0,0,0,0,
3.631,36,0,0,0,0,0,0,0,0,0,0,0,0,0,0,0,0,
3.691,37,0,0,0,0,0,0,0,0,0,0,0,0,0,0,0,0,
3.753,38,0,0,0,0,0,0,0,0,0,0,0,0,0,0,0,0,
3.893,39,0,0,0,0,0,0,0,0,0,0,0,0,0,0,0,0,
3.985,40,0,0,0,0,0,0,0,0,0,0,0,0,0,0,0,0,
4.050,41,0,0,0,0,0,0,0,0,0,0,0,0,0,0,0,0,
4.113,42,0,0,0,0,0,0,0,0,0,0,0,0,0,0,0,0,
4.176,43,0,0,0,0,0,0,0,0,0,0,0,0,0,0,0,0,
4.241,44,0,0,0,0,0,0,0,0,0,0,0,0,0,0,0,0,
4.302,45,0,0,0,0,0,0,0,0,0,0,0,0,0,0,0,0,
4.380,46,0,0,0,0,0,0,0,0,0,0,0,0,0,0,0,0,
4.483,47,0,0,0,0,0,0,0,0,0,0,0,0,0,0,0,0,
4.550,48,0,0,0,0,0,0,0,0,0,0,0,0,0,0,0,0,
4.614,49,0,0,0,0,0,0,0,0,0,0,0,0,0,0,0,0,
4.681,50,0,0,0,0,0,0,0,0,0,0,0,0,0,0,0,0,
4.744,51,0,0,0,0,0,0,0,0,0,0,0,0,0,0,0,0,
4.806,52,0,0,0,0,0,0,0,0,0,0,0,0,0,0,0,0,
4.873,53,0,0,0,0,0,0,0,0,0,0,0,0,0,0,0,0,
4.935,54,0,0,0,0,0,0,0,0,0,0,0,0,0,0,0,0,
5.007,55,0,0,0,0,0,0,0,0,0,0,0,0,0,0,0,0,
5.083,56,0,0,0,0,0,0,0,0,0,0,0,0,0,0,0,0,
5.144,57,0,0,0,0,0,0,0,0,0,0,0,0,0,0,0,0,
5.201,58,0,0,0,0,0,0,0,0,0,0,0,0,0,0,0,0,
5.261,59,0,0,0,0,0,0,0,0,0,0,0,0,0,0,0,0,
5.327,60,0,0,0,0,0,0,0,0,0,0,0,0,0,0,0,0,
5.390,61,0,0,0,0,0,0,0,0,0,0,0,0,0,0,0,0,
5.473,62,0,0,0,0,0,0,0,0,0,0,0,0,0,0,0,0,
5.534,63,0,0,0,0,0,0,0,0,0,0,0,0,0,0,0,0,
5.599,64,0,0,0,0,0,0,0,0,0,0,0,0,0,0,0,0,
5.663,65,0,0,0,0,0,0,0,0,0,0,0,0,0,0,0,0,
5.732,66,0,0,0,0,0,0,0,0,0,0,0,0,0,0,0,0,
5.797,67,0,0,0,0,0,0,0,0,0,0,0,0,0,0,0,0,
5.930,68,0,0,0,0,0,0,0,0,0,0,0,0,0,0,0,0,
5.997,69,0,0,0,0,0,0,0,0,0,0,0,0,0,0,0,0,
6.068,70,0,0,0,0,0,0,0,0,0,0,0,0,0,0,0,0,
6.129,71,0,0,0,0,0,0,0,0,0,0,0,0,0,0,0,0,
6.202,72,0,0,0,0,0,0,0,0,0,0,0,0,0,0,0,0,
6.264,73,0,0,0,0,0,0,0,0,0,0,0,0,0,0,0,0,
6.338,74,0,0,0,0,0,0,0,0,0,0,0,0,0,0,0,0,
6.402,75,0,0,0,0,0,0,0,0,0,0,0,0,0,0,0,0,
6.467,76,0,0,0,0,0,0,0,0,0,0,0,0,0,0,0,0,
6.535,77,0,0,0,0,0,0,0,0,0,0,0,0,0,0,0,0,
6.596,78,0,0,0,0,0,0,0,0,0,0,0,0,0,0,0,0,
6.656,79,0,0,0,0,0,0,0,0,0,0,0,0,0,0,0,0,
6.715,80,0,0,0,0,0,0,0,0,0,0,0,0,0,0,0,0,
6.771,81,0,0,0,0,0,0,0,0,0,0,0,0,0,0,0,0,
6.840,82,0,0,0,0,0,0,0,0,0,0,0,0,0,0,0,0,
6.907,83,0,0,0,0,0,0,0,0,0,0,0,0,0,0,0,0,
6.977,84,0,0,0,0,0,0,0,0,0,0,0,0,0,0,0,0,
7.045,85,0,0,0,0,0,0,0,0,0,0,0,0,0,0,0,0,
7.111,86,0,0,0,0,0,0,0,0,0,0,0,0,0,0,0,0,
7.168,87,0,0,0,0,0,0,0,0,0,0,0,0,0,0,0,0,
7.231,88,0,0,0,0,0,0,0,0,0,0,0,0,0,0,0,0,
7.297,89,0,0,0,0,0,0,0,0,0,0,0,0,0,0,0,0,
7.372,90,0,0,0,0,0,0,0,0,0,0,0,0,0,0,0,0,
7.441,91,0,0,0,0,0,0,0,0,0,0,0,0,0,0,0,0,
7.505,92,0,0,0,0,0,0,0,0,0,0,0,0,0,0,0,0,
7.572,93,0,0,0,0,0,0,0,0,0,0,0,0,0,0,0,0,
7.638,94,0,0,0,0,0,0,0,0,0,0,0,0,0,0,0,0,
7.706,95,0,0,0,0,0,0,0,0,0,0,0,0,0,0,0,0,
7.775,96,0,0,0,0,0,0,0,0,0,0,0,0,0,0,0,0,
7.844,97,0,0,0,0,0,0,0,0,0,0,0,0,0,0,0,0,
7.914,98,0,0,0,0,0,0,0,0,0,0,0,0,0,0,0,0,
7.984,99,0,0,0,0,0,0,0,0,0,0,0,0,0,0,0,0,
8.051,100,0,0,0,0,0,0,0,0,0,0,0,0,0,0,0,0,
8.115,101,0,0,0,0,0,0,0,0,0,0,0,0,0,0,0,0,
8.178,102,0,0,0,0,0,0,0,0,0,0,0,0,0,0,0,0,
8.235,103,0,0,0,0,0,0,0,0,0,0,0,0,0,0,0,0,
8.303,104,0,0,0,0,0,0,0,0,0,0,0,0,0,0,0,0,
8.374,105,0,0,0,0,0,0,0,0,0,0,0,0,0,0,0,0,
8.436,106,0,0,0,0,0,0,0,0,0,0,0,0,0,0,0,0,
8.502,107,0,0,0,0,0,0,0,0,0,0,0,0,0,0,0,0,
8.574,108,0,0,0,0,0,0,0,0,0,0,0,0,0,0,0,0,
8.646,109,0,0,0,0,0,0,0,0,0,0,0,0,0,0,0,0,
8.715,110,0,0,0,0,0,0,0,0,0,0,0,0,0,0,0,0,
8.849,111,0,0,0,0,0,0,0,0,0,0,0,0,0,0,0,0,
8.914,112,0,0,0,0,0,0,0,0,0,0,0,0,0,0,0,0,
8.979,113,0,0,0,0,0,0,0,0,0,0,0,0,0,0,0,0,
9.044,114,0,0,0,0,0,0,0,0,0,0,0,0,0,0,0,0,
9.115,115,0,0,0,0,0,0,0,0,0,0,0,0,0,0,0,0,
9.176,116,0,0,0,0,0,0,0,0,0,0,0,0,0,0,0,0,
9.240,117,0,0,0,0,0,0,0,0,0,0,0,0,0,0,0,0,
9.313,118,0,0,0,0,0,0,0,0,0,0,0,0,0,0,0,0,
9.384,119,0,0,0,0,0,0,0,0,0,0,0,0,0,0,0,0,
9.469,120,0,0,0,0,0,0,0,0,0,0,0,0,0,0,0,0,
9.557,121,0,0,0,0,0,0,0,0,0,0,0,0,0,0,0,0,
9.625,122,0,0,0,0,0,0,0,0,0,0,0,0,0,0,0,0,
9.693,123,0,0,0,0,0,0,0,0,0,0,0,0,0,0,0,0,
9.758,124,0,0,0,0,0,0,0,0,0,0,0,0,0,0,0,0,
9.825,125,0,0,0,0,0,0,0,0,0,0,0,0,0,0,0,0,
9.891,126,0,0,0,0,0,0,0,0,0,0,0,0,0,0,0,0,
9.956,127,0,0,0,0,0,0,0,0,0,0,0,0,0,0,0,0,
10.019,128,0,0,0,0,0,0,0,0,0,0,0,0,0,0,0,0,
10.088,129,0,0,0,0,0,0,0,0,0,0,0,0,0,0,0,0,
10.162,130,0,0,0,0,0,0,0,0,0,0,0,0,0,0,0,0,
10.231,131,0,0,0,0,0,0,0,0,0,0,0,0,0,0,0,0,
10.295,132,0,0,0,0,0,0,0,0,0,0,0,0,0,0,0,0,
10.362,133,0,0,0,0,0,0,0,0,0,0,0,0,0,0,0,0,
10.436,134,0,0,0,0,0,0,0,0,0,0,0,0,0,0,0,0,
10.507,135,0,0,0,0,0,0,0,0,0,0,0,0,0,0,0,0,
10.578,136,0,0,0,0,0,0,0,0,0,0,0,0,0,0,0,0,
10.652,137,0,0,0,0,0,0,0,0,0,0,0,0,0,0,0,0,
10.739,138,0,0,0,0,0,0,0,0,0,0,0,0,0,0,0,0,
10.817,139,0,0,0,0,0,0,0,0,0,0,0,0,0,0,0,0,
10.890,140,0,0,0,0,0,0,0,0,0,0,0,0,0,0,0,0,
10.960,141,0,0,0,0,0,0,0,0,0,0,0,0,0,0,0,0,
11.038,142,0,0,0,0,0,0,0,0,0,0,0,0,0,0,0,0,
11.122,143,0,0,0,0,0,0,0,0,0,0,0,0,0,0,0,0,
11.187,144,0,0,0,0,0,0,0,0,0,0,0,0,0,0,0,0,
11.247,145,0,0,0,0,0,0,0,0,0,0,0,0,0,0,0,0,
11.313,146,0,0,0,0,0,0,0,0,0,0,0,0,0,0,0,0,
11.378,147,0,0,0,0,0,0,0,0,0,0,0,0,0,0,0,0,
11.452,148,0,0,0,0,0,0,0,0,0,0,0,0,0,0,0,0,
11.527,149,0,0,0,0,0,0,0,0,0,0,0,0,0,0,0,0,
11.736,150,0,0,0,0,0,0,0,0,0,0,0,0,0,0,0,0,
11.811,151,0,0,0,0,0,0,0,0,0,0,0,0,0,0,0,0,
11.874,152,0,0,0,0,0,0,0,0,0,0,0,0,0,0,0,0,
11.939,153,0,0,0,0,0,0,0,0,0,0,0,0,0,0,0,0,
12.000,154,0,0,0,0,0,0,0,0,0,0,0,0,0,0,0,0,
12.064,155,0,0,0,0,0,0,0,0,0,0,0,0,0,0,0,0,
12.128,156,0,0,0,0,0,0,0,0,0,0,0,0,0,0,0,0,
12.188,157,0,0,0,0,0,0,0,0,0,0,0,0,0,0,0,0,
12.251,158,0,0,0,0,0,0,0,0,0,0,0,0,0,0,0,0,
12.310,159,0,0,0,0,0,0,0,0,0,0,0,0,0,0,0,0,
12.374,160,0,0,0,0,0,0,0,0,0,0,0,0,0,0,0,0,
12.437,161,0,0,0,0,0,0,0,0,0,0,0,0,0,0,0,0,
12.498,162,0,0,0,0,0,0,0,0,0,0,0,0,0,0,0,0,
12.565,163,0,0,0,0,0,0,0,0,0,0,0,0,0,0,0,0,
12.622,164,0,0,0,0,0,0,0,0,0,0,0,0,0,0,0,0,
12.692,165,0,0,0,0,0,0,0,0,0,0,0,0,0,0,0,0,
12.746,166,0,0,0,0,0,0,0,0,0,0,0,0,0,0,0,0,
12.797,167,0,0,0,0,0,0,0,0,0,0,0,0,0,0,0,0,
12.866,168,0,0,0,0,0,0,0,0,0,0,0,0,0,0,0,0,
12.928,169,0,0,0,0,0,0,0,0,0,0,0,0,0,0,0,0,
12.984,170,0,0,0,0,0,0,0,0,0,0,0,0,0,0,0,0,
13.102,171,0,0,0,0,0,0,0,0,0,0,0,0,0,0,0,0,
13.172,172,0,0,0,0,0,0,0,0,0,0,0,0,0,0,0,0,
13.225,173,0,0,0,0,0,0,0,0,0,0,0,0,0,0,0,0,
13.291,174,0,0,0,0,0,0,0,0,0,0,0,0,0,0,0,0,
13.344,175,0,0,0,0,0,0,0,0,0,0,0,0,0,0,0,0,
13.399,176,0,0,0,0,0,0,0,0,0,0,0,0,0,0,0,0,
13.457,177,0,0,0,0,0,0,0,0,0,0,0,0,0,0,0,0,
13.529,178,0,0,0,0,0,0,0,0,0,0,0,0,0,0,0,0,
13.585,179,0,0,0,0,0,0,0,0,0,0,0,0,0,0,0,0,
13.634,180,0,0,0,0,0,0,0,0,0,0,0,0,0,0,0,0,
13.690,181,0,0,0,0,0,0,0,0,0,0,0,0,0,0,0,0,
13.859,182,0,0,0,0,0,0,0,0,0,0,0,0,0,0,0,0,
13.921,183,0,0,0,0,0,0,0,0,0,0,0,0,0,0,0,0,
14.105,184,0,0,0,0,0,0,0,0,0,0,0,0,0,0,0,0,
14.165,185,0,0,0,0,0,0,0,0,0,0,0,0,0,0,0,0,
14.230,186,0,0,0,0,0,0,0,0,0,0,0,0,0,0,0,0,
14.287,187,0,0,0,0,0,0,0,0,0,0,0,0,0,0,0,0,
14.343,188,0,0,0,0,0,0,0,0,0,0,0,0,0,0,0,0,
14.415,189,0,0,0,0,0,0,0,0,0,0,0,0,0,0,0,0,
14.468,190,0,0,0,0,0,0,0,0,0,0,0,0,0,0,0,0,
14.525,191,0,0,0,0,0,0,0,0,0,0,0,0,0,0,0,0,
14.595,192,0,0,0,0,0,0,0,0,0,0,0,0,0,0,0,0,
14.652,193,0,0,0,0,0,0,0,0,0,0,0,0,0,0,0,0,
14.708,194,0,0,0,0,0,0,0,0,0,0,0,0,0,0,0,0,
14.762,195,0,0,0,0,0,0,0,0,0,0,0,0,0,0,0,0,
14.843,196,0,0,0,0,0,0,0,0,0,0,0,0,0,0,0,0,
14.911,197,0,0,0,0,0,0,0,0,0,0,0,0,0,0,0,0,
14.966,198,0,0,0,0,0,0,0,0,0,0,0,0,0,0,0,0,
15.020,199,0,0,0,0,0,0,0,0,0,0,0,0,0,0,0,0,
15.071,200,0,0,0,0,0,0,0,0,0,0,0,0,0,0,0,0,
15.129,201,0,0,0,0,0,0,0,0,0,0,0,0,0,0,0,0,
15.192,202,0,0,0,0,0,0,0,0,0,0,0,0,0,0,0,0,
15.248,203,0,0,0,0,0,0,0,0,0,0,0,0,0,0,0,0,
15.301,204,0,0,0,0,0,0,0,0,0,0,0,0,0,0,0,0,
15.356,205,0,0,0,0,0,0,0,0,0,0,0,0,0,0,0,0,
15.411,206,0,0,0,0,0,0,0,0,0,0,0,0,0,0,0,0,
15.464,207,0,0,0,0,0,0,0,0,0,0,0,0,0,0,0,0,
15.527,208,0,0,0,0,0,0,0,0,0,0,0,0,0,0,0,0,
15.580,209,0,0,0,0,0,0,0,0,0,0,0,0,0,0,0,0,
15.636,210,0,0,0,0,0,0,0,0,0,0,0,0,0,0,0,0,
15.688,211,0,0,0,0,0,0,0,0,0,0,0,0,0,0,0,0,
15.744,212,0,0,0,0,0,0,0,0,0,0,0,0,0,0,0,0,
15.795,213,0,0,0,0,0,0,0,0,0,0,0,0,0,0,0,0,
15.856,214,0,0,0,0,0,0,0,0,0,0,0,0,0,0,0,0,
15.909,215,0,0,0,0,0,0,0,0,0,0,0,0,0,0,0,0,
15.963,216,0,0,0,0,0,0,0,0,0,0,0,0,0,0,0,0,
16.018,217,0,0,0,0,0,0,0,0,0,0,0,0,0,0,0,0,
16.074,218,0,0,0,0,0,0,0,0,0,0,0,0,0,0,0,0,
16.141,219,0,0,0,0,0,0,0,0,0,0,0,0,0,0,0,0,
16.196,220,0,0,0,0,0,0,0,0,0,0,0,0,0,0,0,0,
16.252,221,0,0,0,0,0,0,0,0,0,0,0,0,0,0,0,0,
16.334,222,0,0,0,0,0,0,0,0,0,0,0,0,0,0,0,0,
16.386,223,0,0,0,0,0,0,0,0,0,0,0,0,0,0,0,0,
16.444,224,0,0,0,0,0,0,0,0,0,0,0,0,0,0,0,0,
16.498,225,0,0,0,0,0,0,0,0,0,0,0,0,0,0,0,0,
16.562,226,0,0,0,0,0,0,0,0,0,0,0,0,0,0,0,0,
16.616,227,0,0,0,0,0,0,0,0,0,0,0,0,0,0,0,0,
16.807,228,0,0,0,0,0,0,0,0,0,0,0,0,0,0,0,0,
16.898,229,0,0,0,0,0,0,0,0,0,0,0,0,0,0,0,0,
16.952,230,0,0,0,0,0,0,0,0,0,0,0,0,0,0,0,0,
17.005,231,0,0,0,0,0,0,0,0,0,0,0,0,0,0,0,0,
17.062,232,0,0,0,0,0,0,0,0,0,0,0,0,0,0,0,0,
17.117,233,0,0,0,0,0,0,0,0,0,0,0,0,0,0,0,0,
17.178,234,0,0,0,0,0,0,0,0,0,0,0,0,0,0,0,0,
17.239,235,0,0,0,0,0,0,0,0,0,0,0,0,0,0,0,0,
17.291,236,0,0,0,0,0,0,0,0,0,0,0,0,0,0,0,0,
17.359,237,0,0,0,0,0,0,0,0,0,0,0,0,0,0,0,0,
17.409,238,0,0,0,0,0,0,0,0,0,0,0,0,0,0,0,0,
17.464,239,0,0,0,0,0,0,0,0,0,0,0,0,0,0,0,0,
17.517,240,0,0,0,0,0,0,0,0,0,0,0,0,0,0,0,0,
17.574,241,0,0,0,0,0,0,0,0,0,0,0,0,0,0,0,0,
17.630,242,0,0,0,0,0,0,0,0,0,0,0,0,0,0,0,0,
17.686,243,0,0,0,0,0,0,0,0,0,0,0,0,0,0,0,0,
17.748,244,0,0,0,0,0,0,0,0,0,0,0,0,0,0,0,0,
17.802,245,0,0,0,0,0,0,0,0,0,0,0,0,0,0,0,0,
17.855,246,0,0,0,0,0,0,0,0,0,0,0,0,0,0,0,0,
17.909,247,0,0,0,0,0,0,0,0,0,0,0,0,0,0,0,0,
17.983,248,0,0,0,0,0,0,0,0,0,0,0,0,0,0,0,0,
18.033,249,0,0,0,0,0,0,0,0,0,0,0,0,0,0,0,0,
18.103,250,0,0,0,0,0,0,0,0,0,0,0,0,0,0,0,0,
18.172,251,0,0,0,0,0,0,0,0,0,0,0,0,0,0,0,0,
18.241,252,0,0,0,0,0,0,0,0,0,0,0,0,0,0,0,0,
18.294,253,0,0,0,0,0,0,0,0,0,0,0,0,0,0,0,0,
18.347,254,0,0,0,0,0,0,0,0,0,0,0,0,0,0,0,0,
18.410,255,0,0,0,0,0,0,0,0,0,0,0,0,0,0,0,0,
18.463,256,0,0,0,0,0,0,0,0,0,0,0,0,0,0,0,0,
18.524,257,0,0,0,0,0,0,0,0,0,0,0,0,0,0,0,0,
18.577,258,0,0,0,0,0,0,0,0,0,0,0,0,0,0,0,0,
18.652,259,0,0,0,0,0,0,0,0,0,0,0,0,0,0,0,0,
18.711,260,0,0,0,0,0,0,0,0,0,0,0,0,0,0,0,0,
18.866,261,0,0,0,0,0,0,0,0,0,0,0,0,0,0,0,0,
18.948,262,0,0,0,0,0,0,0,0,0,0,0,0,0,0,0,0,
19.033,263,0,0,0,0,0,0,0,0,0,0,0,0,0,0,0,0,
19.101,264,0,0,0,0,0,0,0,0,0,0,0,0,0,0,0,0,
19.178,265,0,0,0,0,0,0,0,0,0,0,0,0,0,0,0,0,
19.268,266,0,0,0,0,0,0,0,0,0,0,0,0,0,0,0,0,
19.332,267,0,0,0,0,0,0,0,0,0,0,0,0,0,0,0,0,
19.396,268,0,0,0,0,0,0,0,0,0,0,0,0,0,0,0,0,
19.476,269,0,0,0,0,0,0,0,0,0,0,0,0,0,0,0,0,
19.534,270,0,0,0,0,0,0,0,0,0,0,0,0,0,0,0,0,
19.587,271,0,0,0,0,0,0,0,0,0,0,0,0,0,0,0,0,
19.683,272,0,0,0,0,0,0,0,0,0,0,0,0,0,0,0,0,
19.737,273,0,0,0,0,0,0,0,0,0,0,0,0,0,0,0,0,
19.791,274,0,0,0,0,0,0,0,0,0,0,0,0,0,0,0,0,
19.848,275,0,0,0,0,0,0,0,0,0,0,0,0,0,0,0,0,
19.916,276,0,0,0,0,0,0,0,0,0,0,0,0,0,0,0,0,
19.968,277,0,0,0,0,0,0,0,0,0,0,0,0,0,0,0,0,
20.023,278,0,0,0,0,0,0,0,0,0,0,0,0,0,0,0,0,
20.080,279,0,0,0,0,0,0,0,0,0,0,0,0,0,0,0,0,
20.132,280,0,0,0,0,0,0,0,0,0,0,0,0,0,0,0,0,
20.267,281,0,0,0,0,0,0,0,0,0,0,0,0,0,0,0,0,
20.319,282,0,0,0,0,0,0,0,0,0,0,0,0,0,0,0,0,
20.377,283,0,0,0,0,0,0,0,0,0,0,0,0,0,0,0,0,
20.428,284,0,0,0,0,0,0,0,0,0,0,0,0,0,0,0,0,
20.482,285,0,0,0,0,0,0,0,0,0,0,0,0,0,0,0,0,
20.539,286,0,0,0,0,0,0,0,0,0,0,0,0,0,0,0,0,
20.591,287,0,0,0,0,0,0,0,0,0,0,0,0,0,0,0,0,
20.672,288,0,0,0,0,0,0,0,0,0,0,0,0,0,0,0,0,
20.724,289,0,0,0,0,0,0,0,0,0,0,0,0,0,0,0,0,
20.776,290,0,0,0,0,0,0,0,0,0,0,0,0,0,0,0,0,
20.829,291,0,0,0,0,0,0,0,0,0,0,0,0,0,0,0,0,
20.887,292,0,0,0,0,0,0,0,0,0,0,0,0,0,0,0,0,
20.942,293,0,0,0,0,0,0,0,0,0,0,0,0,0,0,0,0,
20.995,294,0,0,0,0,0,0,0,0,0,0,0,0,0,0,0,0,
21.050,295,0,0,0,0,0,0,0,0,0,0,0,0,0,0,0,0,
21.129,296,0,0,0,0,0,0,0,0,0,0,0,0,0,0,0,0,
21.191,297,0,0,0,0,0,0,0,0,0,0,0,0,0,0,0,0,
21.244,298,0,0,0,0,0,0,0,0,0,0,0,0,0,0,0,0,
21.303,299,0,0,0,0,0,0,0,0,0,0,0,0,0,0,0,0,
21.359,300,0,0,0,0,0,0,0,0,0,0,0,0,0,0,0,0,
21.412,301,0,0,0,0,0,0,0,0,0,0,0,0,0,0,0,0,
21.478,302,0,0,0,0,0,0,0,0,0,0,0,0,0,0,0,0,
21.562,303,0,0,0,0,0,0,0,0,0,0,0,0,0,0,0,0,
21.617,304,0,0,0,0,0,0,0,0,0,0,0,0,0,0,0,0,
21.674,305,0,0,0,0,0,0,0,0,0,0,0,0,0,0,0,0,
21.728,306,0,0,0,0,0,0,0,0,0,0,0,0,0,0,0,0,
21.786,307,0,0,0,0,0,0,0,0,0,0,0,0,0,0,0,0,
21.839,308,0,0,0,0,0,0,0,0,0,0,0,0,0,0,0,0,
21.894,309,0,0,0,0,0,0,0,0,0,0,0,0,0,0,0,0,
21.960,310,0,0,0,0,0,0,0,0,0,0,0,0,0,0,0,0,
22.024,311,0,0,0,0,0,0,0,0,0,0,0,0,0,0,0,0,
22.085,312,0,0,0,0,0,0,0,0,0,0,0,0,0,0,0,0,
22.142,313,0,0,0,0,0,0,0,0,0,0,0,0,0,0,0,0,
22.220,314,0,0,0,0,0,0,0,0,0,0,0,0,0,0,0,0,
22.281,315,0,0,0,0,0,0,0,0,0,0,0,0,0,0,0,0,
22.339,316,0,0,0,0,0,0,0,0,0,0,0,0,0,0,0,0,
22.394,317,0,0,0,0,0,0,0,0,0,0,0,0,0,0,0,0,
22.450,318,0,0,0,0,0,0,0,0,0,0,0,0,0,0,0,0,
22.519,319,0,0,0,0,0,0,0,0,0,0,0,0,0,0,0,0,
22.615,320,0,0,0,0,0,0,0,0,0,0,0,0,0,0,0,0,
22.670,321,0,0,0,0,0,0,0,0,0,0,0,0,0,0,0,0,
22.726,322,0,0,0,0,0,0,0,0,0,0,0,0,0,0,0,0,
22.790,323,0,0,0,0,0,0,0,0,0,0,0,0,0,0,0,0,
22.844,324,0,0,0,0,0,0,0,0,0,0,0,0,0,0,0,0,
22.935,325,0,0,0,0,0,0,0,0,0,0,0,0,0,0,0,0,
23.037,326,0,0,0,0,0,0,0,0,0,0,0,0,0,0,0,0,
23.126,327,0,0,0,0,0,0,0,0,0,0,0,0,0,0,0,0,
23.178,328,0,0,0,0,0,0,0,0,0,0,0,0,0,0,0,0,
23.306,329,0,0,0,0,0,0,0,0,0,0,0,0,0,0,0,0,
23.365,330,0,0,0,0,0,0,0,0,0,0,0,0,0,0,0,0,
23.425,331,0,0,0,0,0,0,0,0,0,0,0,0,0,0,0,0,
23.478,332,0,0,0,0,0,0,0,0,0,0,0,0,0,0,0,0,
23.595,333,0,0,0,0,0,0,0,0,0,0,0,0,0,0,0,0,
23.652,334,0,0,0,0,0,0,0,0,0,0,0,0,0,0,0,0,
23.711,335,0,0,0,0,0,0,0,0,0,0,0,0,0,0,0,0,
23.925,336,0,0,0,0,0,0,0,0,0,0,0,0,0,0,0,0,
23.978,337,0,0,0,0,0,0,0,0,0,0,0,0,0,0,0,0,
24.037,338,0,0,0,0,0,0,0,0,0,0,0,0,0,0,0,0,
24.093,339,0,0,0,0,0,0,0,0,0,0,0,0,0,0,0,0,
24.163,340,0,0,0,0,0,0,0,0,0,0,0,0,0,0,0,0,
24.220,341,0,0,0,0,0,0,0,0,0,0,0,0,0,0,0,0,
24.285,342,0,0,0,0,0,0,0,0,0,0,0,0,0,0,0,0,
24.349,343,0,0,0,0,0,0,0,0,0,0,0,0,0,0,0,0,
24.419,344,0,0,0,0,0,0,0,0,0,0,0,0,0,0,0,0,
24.476,345,0,0,0,0,0,0,0,0,0,0,0,0,0,0,0,0,
24.536,346,0,0,0,0,0,0,0,0,0,0,0,0,0,0,0,0,
24.593,347,0,0,0,0,0,0,0,0,0,0,0,0,0,0,0,0,
24.651,348,0,0,0,0,0,0,0,0,0,0,0,0,0,0,0,0,
24.729,349,0,0,0,0,0,0,0,0,0,0,0,0,0,0,0,0,
24.789,350,0,0,0,0,0,0,0,0,0,0,0,0,0,0,0,0,
24.846,351,0,0,0,0,0,0,0,0,0,0,0,0,0,0,0,0,
24.898,352,0,0,0,0,0,0,0,0,0,0,0,0,0,0,0,0,
24.955,353,0,0,0,0,0,0,0,0,0,0,0,0,0,0,0,0,
25.007,354,0,0,0,0,0,0,0,0,0,0,0,0,0,0,0,0,
25.063,355,0,0,0,0,0,0,0,0,0,0,0,0,0,0,0,0,
25.118,356,0,0,0,0,0,0,0,0,0,0,0,0,0,0,0,0,
25.205,357,0,0,0,0,0,0,0,0,0,0,0,0,0,0,0,0,
25.278,358,0,0,0,0,0,0,0,0,0,0,0,0,0,0,0,0,
25.348,359,0,0,0,0,0,0,0,0,0,0,0,0,0,0,0,0,
25.408,360,0,0,0,0,0,0,0,0,0,0,0,0,0,0,0,0,
25.523,361,0,0,0,0,0,0,0,0,0,0,0,0,0,0,0,0,
25.582,362,0,0,0,0,0,0,0,0,0,0,0,0,0,0,0,0,
25.633,363,0,0,0,0,0,0,0,0,0,0,0,0,0,0,0,0,
25.686,364,0,0,0,0,0,0,0,0,0,0,0,0,0,0,0,0,
25.741,365,0,0,0,0,0,0,0,0,0,0,0,0,0,0,0,0,
25.799,366,0,0,0,0,0,0,0,0,0,0,0,0,0,0,0,0,
25.865,367,0,0,0,0,0,0,0,0,0,0,0,0,0,0,0,0,
25.921,368,0,0,0,0,0,0,0,0,0,0,0,0,0,0,0,0,
25.978,369,0,0,0,0,0,0,0,0,0,0,0,0,0,0,0,0,
26.031,370,0,0,0,0,0,0,0,0,0,0,0,0,0,0,0,0,
26.105,371,0,0,0,0,0,0,0,0,0,0,0,0,0,0,0,0,
26.160,372,0,0,0,0,0,0,0,0,0,0,0,0,0,0,0,0,
26.215,373,0,0,0,0,0,0,0,0,0,0,0,0,0,0,0,0,
26.268,374,0,0,0,0,0,0,0,0,0,0,0,0,0,0,0,0,
26.324,375,0,0,0,0,0,0,0,0,0,0,0,0,0,0,0,0,
26.384,376,0,0,0,0,0,0,0,0,0,0,0,0,0,0,0,0,
26.500,377,0,0,0,0,0,0,0,0,0,0,0,0,0,0,0,0,
26.552,378,0,0,0,0,0,0,0,0,0,0,0,0,0,0,0,0,
26.607,379,0,0,0,0,0,0,0,0,0,0,0,0,0,0,0,0,
26.658,380,0,0,0,0,0,0,0,0,0,0,0,0,0,0,0,0,
26.716,381,0,0,0,0,0,0,0,0,0,0,0,0,0,0,0,0,
26.770,382,0,0,0,0,0,0,0,0,0,0,0,0,0,0,0,0,
26.825,383,0,0,0,0,0,0,0,0,0,0,0,0,0,0,0,0,
26.878,384,0,0,0,0,0,0,0,0,0,0,0,0,0,0,0,0,
26.938,385,0,0,0,0,0,0,0,0,0,0,0,0,0,0,0,0,
26.996,386,0,0,0,0,0,0,0,0,0,0,0,0,0,0,0,0,
27.047,387,0,0,0,0,0,0,0,0,0,0,0,0,0,0,0,0,
27.105,388,0,0,0,0,0,0,0,0,0,0,0,0,0,0,0,0,
27.163,389,0,0,0,0,0,0,0,0,0,0,0,0,0,0,0,0,
27.225,390,0,0,0,0,0,0,0,0,0,0,0,0,0,0,0,0,
27.275,391,0,0,0,0,0,0,0,0,0,0,0,0,0,0,0,0,
27.432,392,0,0,0,0,0,0,0,0,0,0,0,0,0,0,0,0,
27.487,393,0,0,0,0,0,0,0,0,0,0,0,0,0,0,0,0,
27.543,394,0,0,0,0,0,0,0,0,0,0,0,0,0,0,0,0,
27.599,395,0,0,0,0,0,0,0,0,0,0,0,0,0,0,0,0,
27.648,396,0,0,0,0,0,0,0,0,0,0,0,0,0,0,0,0,
27.734,397,0,0,0,0,0,0,0,0,0,0,0,0,0,0,0,0,
27.806,398,0,0,0,0,0,0,0,0,0,0,0,0,0,0,0,0,
27.859,399,0,0,0,0,0,0,0,0,0,0,0,0,0,0,0,0,
27.914,400,0,0,0,0,0,0,0,0,0,0,0,0,0,0,0,0,
27.968,401,0,0,0,0,0,0,0,0,0,0,0,0,0,0,0,0,
28.074,402,0,0,0,0,0,0,0,0,0,0,0,0,0,0,0,0,
28.127,403,0,0,0,0,0,0,0,0,0,0,0,0,0,0,0,0,
28.180,404,0,0,0,0,0,0,0,0,0,0,0,0,0,0,0,0,
28.248,405,0,0,0,0,0,0,0,0,0,0,0,0,0,0,0,0,
28.305,406,0,0,0,0,0,0,0,0,0,0,0,0,0,0,0,0,
28.374,407,0,0,0,0,0,0,0,0,0,0,0,0,0,0,0,0,
28.446,408,0,0,0,0,0,0,0,0,0,0,0,0,0,0,0,0,
28.498,409,0,0,0,0,0,0,0,0,0,0,0,0,0,0,0,0,
28.558,410,0,0,0,0,0,0,0,0,0,0,0,0,0,0,0,0,
28.612,411,0,0,0,0,0,0,0,0,0,0,0,0,0,0,0,0,
28.693,412,0,0,0,0,0,0,0,0,0,0,0,0,0,0,0,0,
28.888,413,0,0,0,0,0,0,0,0,0,0,0,0,0,0,0,0,
28.942,414,0,0,0,0,0,0,0,0,0,0,0,0,0,0,0,0,
29.020,415,0,0,0,0,0,0,0,0,0,0,0,0,0,0,0,0,
29.082,416,0,0,0,0,0,0,0,0,0,0,0,0,0,0,0,0,
29.153,417,0,0,0,0,0,0,0,0,0,0,0,0,0,0,0,0,
29.208,418,0,0,0,0,0,0,0,0,0,0,0,0,0,0,0,0,
29.263,419,0,0,0,0,0,0,0,0,0,0,0,0,0,0,0,0,
29.370,420,0,0,0,0,0,0,0,0,0,0,0,0,0,0,0,0,
29.428,421,0,0,0,0,0,0,0,0,0,0,0,0,0,0,0,0,
29.489,422,0,0,0,0,0,0,0,0,0,0,0,0,0,0,0,0,
29.547,423,0,0,0,0,0,0,0,0,0,0,0,0,0,0,0,0,
29.601,424,0,0,0,0,0,0,0,0,0,0,0,0,0,0,0,0,
29.658,425,0,0,0,0,0,0,0,0,0,0,0,0,0,0,0,0,
29.710,426,0,0,0,0,0,0,0,0,0,0,0,0,0,0,0,0,
29.774,427,0,0,0,0,0,0,0,0,0,0,0,0,0,0,0,0,
29.849,428,0,0,0,0,0,0,0,0,0,0,0,0,0,0,0,0,
29.905,429,0,0,0,0,0,0,0,0,0,0,0,0,0,0,0,0,
29.975,430,0,0,0,0,0,0,0,0,0,0,0,0,0,0,0,0,
30.028,431,0,0,0,0,0,0,0,0,0,0,0,0,0,0,0,0,
30.082,432,0,0,0,0,0,0,0,0,0,0,0,0,0,0,0,0,
30.135,433,0,0,0,0,0,0,0,0,0,0,0,0,0,0,0,0,
30.188,434,0,0,0,0,0,0,0,0,0,0,0,0,0,0,0,0,
30.239,435,0,0,0,0,0,0,0,0,0,0,0,0,0,0,0,0,
30.294,436,0,0,0,0,0,0,0,0,0,0,0,0,0,0,0,0,
30.350,437,0,0,0,0,0,0,0,0,0,0,0,0,0,0,0,0,
30.405,438,0,0,0,0,0,0,0,0,0,0,0,0,0,0,0,0,
30.468,439,0,0,0,0,0,0,0,0,0,0,0,0,0,0,0,0,
30.551,440,0,0,0,0,0,0,0,0,0,0,0,0,0,0,0,0,
30.607,441,0,0,0,0,0,0,0,0,0,0,0,0,0,0,0,0,
30.660,442,0,0,0,0,0,0,0,0,0,0,0,0,0,0,0,0,
30.715,443,0,0,0,0,0,0,0,0,0,0,0,0,0,0,0,0,
30.769,444,0,0,0,0,0,0,0,0,0,0,0,0,0,0,0,0,
30.828,445,0,0,0,0,0,0,0,0,0,0,0,0,0,0,0,0,
30.886,446,0,0,0,0,0,0,0,0,0,0,0,0,0,0,0,0,
30.943,447,0,0,0,0,0,0,0,0,0,0,0,0,0,0,0,0,
31.042,448,0,0,0,0,0,0,0,0,0,0,0,0,0,0,0,0,
31.099,449,0,0,0,0,0,0,0,0,0,0,0,0,0,0,0,0,
31.152,450,0,0,0,0,0,0,0,0,0,0,0,0,0,0,0,0,
31.214,451,0,0,0,0,0,0,0,0,0,0,0,0,0,0,0,0,
31.268,452,0,0,0,0,0,0,0,0,0,0,0,0,0,0,0,0,
31.324,453,0,0,0,0,0,0,0,0,0,0,0,0,0,0,0,0,
31.378,454,0,0,0,0,0,0,0,0,0,0,0,0,0,0,0,0,
31.431,455,0,0,0,0,0,0,0,0,0,0,0,0,0,0,0,0,
31.497,456,0,0,0,0,0,0,0,0,0,0,0,0,0,0,0,0,
31.553,457,0,0,0,0,0,0,0,0,0,0,0,0,0,0,0,0,
31.606,458,0,0,0,0,0,0,0,0,0,0,0,0,0,0,0,0,
31.661,459,0,0,0,0,0,0,0,0,0,0,0,0,0,0,0,0,
31.722,460,0,0,0,0,0,0,0,0,0,0,0,0,0,0,0,0,
31.776,461,0,0,0,0,0,0,0,0,0,0,0,0,0,0,0,0,
31.835,462,0,0,0,0,0,0,0,0,0,0,0,0,0,0,0,0,
31.892,463,0,0,0,0,0,0,0,0,0,0,0,0,0,0,0,0,
32.032,464,0,0,0,0,0,0,0,0,0,0,0,0,0,0,0,0,
32.082,465,0,0,0,0,0,0,0,0,0,0,0,0,0,0,0,0,
32.139,466,0,0,0,0,0,0,0,0,0,0,0,0,0,0,0,0,
32.191,467,0,0,0,0,0,0,0,0,0,0,0,0,0,0,0,0,
32.249,468,0,0,0,0,0,0,0,0,0,0,0,0,0,0,0,0,
32.304,469,0,0,0,0,0,0,0,0,0,0,0,0,0,0,0,0,
32.356,470,0,0,0,0,0,0,0,0,0,0,0,0,0,0,0,0,
32.411,471,0,0,0,0,0,0,0,0,0,0,0,0,0,0,0,0,
32.570,472,0,0,0,0,0,0,0,0,0,0,0,0,0,0,0,0,
32.689,473,0,0,0,0,0,0,0,0,0,0,0,0,0,0,0,0,
32.743,474,0,0,0,0,0,0,0,0,0,0,0,0,0,0,0,0,
32.800,475,0,0,0,0,0,0,0,0,0,0,0,0,0,0,0,0,
32.910,476,0,0,0,0,0,0,0,0,0,0,0,0,0,0,0,0,
32.975,477,0,0,0,0,0,0,0,0,0,0,0,0,0,0,0,0,
33.033,478,0,0,0,0,0,0,0,0,0,0,0,0,0,0,0,0,
33.086,479,0,0,0,0,0,0,0,0,0,0,0,0,0,0,0,0,
33.143,480,0,0,0,0,0,0,0,0,0,0,0,0,0,0,0,0,
33.200,481,0,0,0,0,0,0,0,0,0,0,0,0,0,0,0,0,
33.283,482,0,0,0,0,0,0,0,0,0,0,0,0,0,0,0,0,
33.342,483,0,0,0,0,0,0,0,0,0,0,0,0,0,0,0,0,
33.393,484,0,0,0,0,0,0,0,0,0,0,0,0,0,0,0,0,
33.444,485,0,0,0,0,0,0,0,0,0,0,0,0,0,0,0,0,
33.502,486,0,0,0,0,0,0,0,0,0,0,0,0,0,0,0,0,
33.605,487,0,0,0,0,0,0,0,0,0,0,0,0,0,0,0,0,
33.660,488,0,0,0,0,0,0,0,0,0,0,0,0,0,0,0,0,
33.713,489,0,0,0,0,0,0,0,0,0,0,0,0,0,0,0,0,
33.830,490,0,0,0,0,0,0,0,0,0,0,0,0,0,0,0,0,
33.882,491,0,0,0,0,0,0,0,0,0,0,0,0,0,0,0,0,
33.964,492,0,0,0,0,0,0,0,0,0,0,0,0,0,0,0,0,
34.013,493,0,0,0,0,0,0,0,0,0,0,0,0,0,0,0,0,
34.071,494,0,0,0,0,0,0,0,0,0,0,0,0,0,0,0,0,
34.121,495,0,0,0,0,0,0,0,0,0,0,0,0,0,0,0,0,
34.174,496,0,0,0,0,0,0,0,0,0,0,0,0,0,0,0,0,
34.236,497,0,0,0,0,0,0,0,0,0,0,0,0,0,0,0,0,
34.296,498,0,0,0,0,0,0,0,0,0,0,0,0,0,0,0,0,
34.372,499,0,0,0,0,0,0,0,0,0,0,0,0,0,0,0,0,
34.423,500,0,0,0,0,0,0,0,0,0,0,0,0,0,0,0,0,
34.547,501,0,0,0,0,0,0,0,0,0,0,0,0,0,0,0,0,
34.666,502,0,0,0,0,0,0,0,0,0,0,0,0,0,0,0,0,
34.934,503,0,0,0,0,0,0,0,0,0,0,0,0,0,0,0,0,
34.990,504,0,0,0,0,0,0,0,0,0,0,0,0,0,0,0,0,
35.040,505,0,0,0,0,0,0,0,0,0,0,0,0,0,0,0,0,
35.095,506,0,0,0,0,0,0,0,0,0,0,0,0,0,0,0,0,
35.151,507,0,0,0,0,0,0,0,0,0,0,0,0,0,0,0,0,
35.207,508,0,0,0,0,0,0,0,0,0,0,0,0,0,0,0,0,
35.260,509,0,0,0,0,0,0,0,0,0,0,0,0,0,0,0,0,
35.312,510,0,0,0,0,0,0,0,0,0,0,0,0,0,0,0,0,
35.365,511,0,0,0,0,0,0,0,0,0,0,0,0,0,0,0,0,
35.420,512,0,0,0,0,0,0,0,0,0,0,0,0,0,0,0,0,
35.474,513,0,0,0,0,0,0,0,0,0,0,0,0,0,0,0,0,
35.539,514,0,0,0,0,0,0,0,0,0,0,0,0,0,0,0,0,
35.595,515,0,0,0,0,0,0,0,0,0,0,0,0,0,0,0,0,
35.646,516,0,0,0,0,0,0,0,0,0,0,0,0,0,0,0,0,
35.699,517,0,0,0,0,0,0,0,0,0,0,0,0,0,0,0,0,
35.748,518,0,0,0,0,0,0,0,0,0,0,0,0,0,0,0,0,
35.805,519,0,0,0,0,0,0,0,0,0,0,0,0,0,0,0,0,
35.861,520,0,0,0,0,0,0,0,0,0,0,0,0,0,0,0,0,
35.924,521,0,0,0,0,0,0,0,0,0,0,0,0,0,0,0,0,
35.975,522,0,0,0,0,0,0,0,0,0,0,0,0,0,0,0,0,
36.029,523,0,0,0,0,0,0,0,0,0,0,0,0,0,0,0,0,
36.079,524,0,0,0,0,0,0,0,0,0,0,0,0,0,0,0,0,
36.132,525,0,0,0,0,0,0,0,0,0,0,0,0,0,0,0,0,
36.183,526,0,0,0,0,0,0,0,0,0,0,0,0,0,0,0,0,
36.236,527,0,0,0,0,0,0,0,0,0,0,0,0,0,0,0,0,
36.288,528,0,0,0,0,0,0,0,0,0,0,0,0,0,0,0,0,
36.342,529,0,0,0,0,0,0,0,0,0,0,0,0,0,0,0,0,
36.396,530,0,0,0,0,0,0,0,0,0,0,0,0,0,0,0,0,
36.447,531,0,0,0,0,0,0,0,0,0,0,0,0,0,0,0,0,
36.502,532,0,0,0,0,0,0,0,0,0,0,0,0,0,0,0,0,
36.561,533,0,0,0,0,0,0,0,0,0,0,0,0,0,0,0,0,
36.622,534,0,0,0,0,0,0,0,0,0,0,0,0,0,0,0,0,
36.674,535,0,0,0,0,0,0,0,0,0,0,0,0,0,0,0,0,
36.750,536,0,0,0,0,0,0,0,0,0,0,0,0,0,0,0,0,
36.801,537,0,0,0,0,0,0,0,0,0,0,0,0,0,0,0,0,
36.897,538,0,0,0,0,0,0,0,0,0,0,0,0,0,0,0,0,
36.961,539,0,0,0,0,0,0,0,0,0,0,0,0,0,0,0,0,
37.036,540,0,0,0,0,0,0,0,0,0,0,0,0,0,0,0,0,
37.087,541,0,0,0,0,0,0,0,0,0,0,0,0,0,0,0,0,
37.148,542,0,0,0,0,0,0,0,0,0,0,0,0,0,0,0,0,
37.209,543,0,0,0,0,0,0,0,0,0,0,0,0,0,0,0,0,
37.264,544,0,0,0,0,0,0,0,0,0,0,0,0,0,0,0,0,
37.319,545,0,0,0,0,0,0,0,0,0,0,0,0,0,0,0,0,
37.379,546,0,0,0,0,0,0,0,0,0,0,0,0,0,0,0,0,
37.435,547,0,0,0,0,0,0,0,0,0,0,0,0,0,0,0,0,
37.486,548,0,0,0,0,0,0,0,0,0,0,0,0,0,0,0,0,
37.546,549,0,0,0,0,0,0,0,0,0,0,0,0,0,0,0,0,
37.605,550,0,0,0,0,0,0,0,0,0,0,0,0,0,0,0,0,
37.664,551,0,0,0,0,0,0,0,0,0,0,0,0,0,0,0,0,
37.749,552,0,0,0,0,0,0,0,0,0,0,0,0,0,0,0,0,
37.815,553,0,0,0,0,0,0,0,0,0,0,0,0,0,0,0,0,
37.878,554,0,0,0,0,0,0,0,0,0,0,0,0,0,0,0,0,
37.932,555,0,0,0,0,0,0,0,0,0,0,0,0,0,0,0,0,
37.987,556,0,0,0,0,0,0,0,0,0,0,0,0,0,0,0,0,
38.079,557,0,0,0,0,0,0,0,0,0,0,0,0,0,0,0,0,
38.141,558,0,0,0,0,0,0,0,0,0,0,0,0,0,0,0,0,
38.207,559,0,0,0,0,0,0,0,0,0,0,0,0,0,0,0,0,
38.273,560,0,0,0,0,0,0,0,0,0,0,0,0,0,0,0,0,
38.333,561,0,0,0,0,0,0,0,0,0,0,0,0,0,0,0,0,
38.400,562,0,0,0,0,0,0,0,0,0,0,0,0,0,0,0,0,
38.464,563,0,0,0,0,0,0,0,0,0,0,0,0,0,0,0,0,
38.530,564,0,0,0,0,0,0,0,0,0,0,0,0,0,0,0,0,
38.616,565,0,0,0,0,0,0,0,0,0,0,0,0,0,0,0,0,
38.681,566,0,0,0,0,0,0,0,0,0,0,0,0,0,0,0,0,
38.743,567,0,0,0,0,0,0,0,0,0,0,0,0,0,0,0,0,
38.864,568,0,0,0,0,0,0,0,0,0,0,0,0,0,0,0,0,
38.930,569,0,0,0,0,0,0,0,0,0,0,0,0,0,0,0,0,
38.994,570,0,0,0,0,0,0,0,0,0,0,0,0,0,0,0,0,
39.066,571,0,0,0,0,0,0,0,0,0,0,0,0,0,0,0,0,
39.129,572,0,0,0,0,0,0,0,0,0,0,0,0,0,0,0,0,
39.186,573,0,0,0,0,0,0,0,0,0,0,0,0,0,0,0,0,
39.263,574,0,0,0,0,0,0,0,0,0,0,0,0,0,0,0,0,
39.327,575,0,0,0,0,0,0,0,0,0,0,0,0,0,0,0,0,
39.391,576,0,0,0,0,0,0,0,0,0,0,0,0,0,0,0,0,
39.458,577,0,0,0,0,0,0,0,0,0,0,0,0,0,0,0,0,
39.536,578,0,0,0,0,0,0,0,0,0,0,0,0,0,0,0,0,
39.608,579,0,0,0,0,0,0,0,0,0,0,0,0,0,0,0,0,
39.677,580,0,0,0,0,0,0,0,0,0,0,0,0,0,0,0,0,
39.744,581,0,0,0,0,0,0,0,0,0,0,0,0,0,0,0,0,
39.809,582,0,0,0,0,0,0,0,0,0,0,0,0,0,0,0,0,
39.874,583,0,0,0,0,0,0,0,0,0,0,0,0,0,0,0,0,
39.948,584,0,0,0,0,0,0,0,0,0,0,0,0,0,0,0,0,
40.030,585,0,0,0,0,0,0,0,0,0,0,0,0,0,0,0,0,
40.095,586,0,0,0,0,0,0,0,0,0,0,0,0,0,0,0,0,
40.160,587,0,0,0,0,0,0,0,0,0,0,0,0,0,0,0,0,
40.227,588,0,0,0,0,0,0,0,0,0,0,0,0,0,0,0,0,
40.292,589,0,0,0,0,0,0,0,0,0,0,0,0,0,0,0,0,
40.359,590,0,0,0,0,0,0,0,0,0,0,0,0,0,0,0,0,
40.426,591,0,0,0,0,0,0,0,0,0,0,0,0,0,0,0,0,
40.493,592,0,0,0,0,0,0,0,0,0,0,0,0,0,0,0,0,
40.558,593,0,0,0,0,0,0,0,0,0,0,0,0,0,0,0,0,
40.628,594,0,0,0,0,0,0,0,0,0,0,0,0,0,0,0,0,
40.692,595,0,0,0,0,0,0,0,0,0,0,0,0,0,0,0,0,
40.760,596,0,0,0,0,0,0,0,0,0,0,0,0,0,0,0,0,
40.830,597,0,0,0,0,0,0,0,0,0,0,0,0,0,0,0,0,
40.901,598,0,0,0,0,0,0,0,0,0,0,0,0,0,0,0,0,
40.968,599,0,0,0,0,0,0,0,0,0,0,0,0,0,0,0,0,
41.034,600,0,0,0,0,0,0,0,0,0,0,0,0,0,0,0,0,
41.101,601,0,0,0,0,0,0,0,0,0,0,0,0,0,0,0,0,
41.167,602,0,0,0,0,0,0,0,0,0,0,0,0,0,0,0,0,
41.229,603,0,0,0,0,0,0,0,0,0,0,0,0,0,0,0,0,
41.292,604,0,0,0,0,0,0,0,0,0,0,0,0,0,0,0,0,
41.361,605,0,0,0,0,0,0,0,0,0,0,0,0,0,0,0,0,
41.425,606,0,0,0,0,0,0,0,0,0,0,0,0,0,0,0,0,
41.502,607,0,0,0,0,0,0,0,0,0,0,0,0,0,0,0,0,
41.570,608,0,0,0,0,0,0,0,0,0,0,0,0,0,0,0,0,
41.692,609,0,0,0,0,0,0,0,0,0,0,0,0,0,0,0,0,
41.753,610,0,0,0,0,0,0,0,0,0,0,0,0,0,0,0,0,
41.817,611,0,0,0,0,0,0,0,0,0,0,0,0,0,0,0,0,
41.885,612,0,0,0,0,0,0,0,0,0,0,0,0,0,0,0,0,
41.950,613,0,0,0,0,0,0,0,0,0,0,0,0,0,0,0,0,
42.011,614,0,0,0,0,0,0,0,0,0,0,0,0,0,0,0,0,
42.077,615,0,0,0,0,0,0,0,0,0,0,0,0,0,0,0,0,
42.140,616,0,0,0,0,0,0,0,0,0,0,0,0,0,0,0,0,
42.193,617,0,0,0,0,0,0,0,0,0,0,0,0,0,0,0,0,
42.256,618,0,0,0,0,0,0,0,0,0,0,0,0,0,0,0,0,
42.317,619,0,0,0,0,0,0,0,0,0,0,0,0,0,0,0,0,
42.385,620,0,0,0,0,0,0,0,0,0,0,0,0,0,0,0,0,
42.452,621,0,0,0,0,0,0,0,0,0,0,0,0,0,0,0,0,
42.516,622,0,0,0,0,0,0,0,0,0,0,0,0,0,0,0,0,
42.581,623,0,0,0,0,0,0,0,0,0,0,0,0,0,0,0,0,
42.656,624,0,0,0,0,0,0,0,0,0,0,0,0,0,0,0,0,
42.717,625,0,0,0,0,0,0,0,0,0,0,0,0,0,0,0,0,
42.782,626,0,0,0,0,0,0,0,0,0,0,0,0,0,0,0,0,
42.872,627,0,0,0,0,0,0,0,0,0,0,0,0,0,0,0,0,
42.933,628,0,0,0,0,0,0,0,0,0,0,0,0,0,0,0,0,
42.997,629,0,0,0,0,0,0,0,0,0,0,0,0,0,0,0,0,
43.057,630,0,0,0,0,0,0,0,0,0,0,0,0,0,0,0,0,
43.120,631,0,0,0,0,0,0,0,0,0,0,0,0,0,0,0,0,
43.178,632,0,0,0,0,0,0,0,0,0,0,0,0,0,0,0,0,
43.234,633,0,0,0,0,0,0,0,0,0,0,0,0,0,0,0,0,
43.297,634,0,0,0,0,0,0,0,0,0,0,0,0,0,0,0,0,
43.359,635,0,0,0,0,0,0,0,0,0,0,0,0,0,0,0,0,
43.425,636,0,0,0,0,0,0,0,0,0,0,0,0,0,0,0,0,
43.490,637,0,0,0,0,0,0,0,0,0,0,0,0,0,0,0,0,
43.554,638,0,0,0,0,0,0,0,0,0,0,0,0,0,0,0,0,
43.617,639,0,0,0,0,0,0,0,0,0,0,0,0,0,0,0,0,
43.688,640,0,0,0,0,0,0,0,0,0,0,0,0,0,0,0,0,
43.750,641,0,0,0,0,0,0,0,0,0,0,0,0,0,0,0,0,
43.857,642,0,0,0,0,0,0,0,0,0,0,0,0,0,0,0,0,
43.923,643,0,0,0,0,0,0,0,0,0,0,0,0,0,0,0,0,
43.992,644,0,0,0,0,0,0,0,0,0,0,0,0,0,0,0,0,
44.051,645,0,0,0,0,0,0,0,0,0,0,0,0,0,0,0,0,
44.113,646,0,0,0,0,0,0,0,0,0,0,0,0,0,0,0,0,
44.175,647,0,0,0,0,0,0,0,0,0,0,0,0,0,0,0,0,
44.239,648,0,0,0,0,0,0,0,0,0,0,0,0,0,0,0,0,
44.302,649,0,0,0,0,0,0,0,0,0,0,0,0,0,0,0,0,
44.405,650,0,0,0,0,0,0,0,0,0,0,0,0,0,0,0,0,
44.531,651,0,0,0,0,0,0,0,0,0,0,0,0,0,0,0,0,
44.592,652,0,0,0,0,0,0,0,0,0,0,0,0,0,0,0,0,
44.654,653,0,0,0,0,0,0,0,0,0,0,0,0,0,0,0,0,
44.739,654,0,0,0,0,0,0,0,0,0,0,0,0,0,0,0,0,
44.802,655,0,0,0,0,0,0,0,0,0,0,0,0,0,0,0,0,
44.867,656,0,0,0,0,0,0,0,0,0,0,0,0,0,0,0,0,
44.931,657,0,0,0,0,0,0,0,0,0,0,0,0,0,0,0,0,
44.991,658,0,0,0,0,0,0,0,0,0,0,0,0,0,0,0,0,
45.080,659,0,0,0,0,0,0,0,0,0,0,0,0,0,0,0,0,
45.139,660,0,0,0,0,0,0,0,0,0,0,0,0,0,0,0,0,
45.194,661,0,0,0,0,0,0,0,0,0,0,0,0,0,0,0,0,
45.261,662,0,0,0,0,0,0,0,0,0,0,0,0,0,0,0,0,
45.328,663,0,0,0,0,0,0,0,0,0,0,0,0,0,0,0,0,
45.397,664,0,0,0,0,0,0,0,0,0,0,0,0,0,0,0,0,
45.465,665,0,0,0,0,0,0,0,0,0,0,0,0,0,0,0,0,
45.534,666,0,0,0,0,0,0,0,0,0,0,0,0,0,0,0,0,
45.600,667,0,0,0,0,0,0,0,0,0,0,0,0,0,0,0,0,
45.666,668,0,0,0,0,0,0,0,0,0,0,0,0,0,0,0,0,
45.740,669,0,0,0,0,0,0,0,0,0,0,0,0,0,0,0,0,
45.804,670,0,0,0,0,0,0,0,0,0,0,0,0,0,0,0,0,
45.876,671,0,0,0,0,0,0,0,0,0,0,0,0,0,0,0,0,
45.943,672,0,0,0,0,0,0,0,0,0,0,0,0,0,0,0,0,
46.009,673,0,0,0,0,0,0,0,0,0,0,0,0,0,0,0,0,
46.077,674,0,0,0,0,0,0,0,0,0,0,0,0,0,0,0,0,
46.146,675,0,0,0,0,0,0,0,0,0,0,0,0,0,0,0,0,
46.212,676,0,0,0,0,0,0,0,0,0,0,0,0,0,0,0,0,
46.283,677,0,0,0,0,0,0,0,0,0,0,0,0,0,0,0,0,
46.349,678,0,0,0,0,0,0,0,0,0,0,0,0,0,0,0,0,
46.413,679,0,0,0,0,0,0,0,0,0,0,0,0,0,0,0,0,
46.481,680,0,0,0,0,0,0,0,0,0,0,0,0,0,0,0,0,
46.549,681,0,0,0,0,0,0,0,0,0,0,0,0,0,0,0,0,
46.617,682,0,0,0,0,0,0,0,0,0,0,0,0,0,0,0,0,
46.691,683,0,0,0,0,0,0,0,0,0,0,0,0,0,0,0,0,
46.774,684,0,0,0,0,0,0,0,0,0,0,0,0,0,0,0,0,
46.840,685,0,0,0,0,0,0,0,0,0,0,0,0,0,0,0,0,
46.909,686,0,0,0,0,0,0,0,0,0,0,0,0,0,0,0,0,
46.976,687,0,0,0,0,0,0,0,0,0,0,0,0,0,0,0,0,
47.043,688,0,0,0,0,0,0,0,0,0,0,0,0,0,0,0,0,
47.114,689,0,0,0,0,0,0,0,0,0,0,0,0,0,0,0,0,
47.175,690,0,0,0,0,0,0,0,0,0,0,0,0,0,0,0,0,
47.242,691,0,0,0,0,0,0,0,0,0,0,0,0,0,0,0,0,
47.304,692,0,0,0,0,0,0,0,0,0,0,0,0,0,0,0,0,
47.370,693,0,0,0,0,0,0,0,0,0,0,0,0,0,0,0,0,
47.436,694,0,0,0,0,0,0,0,0,0,0,0,0,0,0,0,0,
47.504,695,0,0,0,0,0,0,0,0,0,0,0,0,0,0,0,0,
47.650,696,0,0,0,0,0,0,0,0,0,0,0,0,0,0,0,0,
47.715,697,0,0,0,0,0,0,0,0,0,0,0,0,0,0,0,0,
47.788,698,0,0,0,0,0,0,0,0,0,0,0,0,0,0,0,0,
47.861,699,0,0,0,0,0,0,0,0,0,0,0,0,0,0,0,0,
47.938,700,0,0,0,0,0,0,0,0,0,0,0,0,0,0,0,0,
48.005,701,0,0,0,0,0,0,0,0,0,0,0,0,0,0,0,0,
48.072,702,0,0,0,0,0,0,0,0,0,0,0,0,0,0,0,0,
48.135,703,0,0,0,0,0,0,0,0,0,0,0,0,0,0,0,0,
48.200,704,0,0,0,0,0,0,0,0,0,0,0,0,0,0,0,0,
48.259,705,0,0,0,0,0,0,0,0,0,0,0,0,0,0,0,0,
48.323,706,0,0,0,0,0,0,0,0,0,0,0,0,0,0,0,0,
48.390,707,0,0,0,0,0,0,0,0,0,0,0,0,0,0,0,0,
48.447,708,0,0,0,0,0,0,0,0,0,0,0,0,0,0,0,0,
48.516,709,0,0,0,0,0,0,0,0,0,0,0,0,0,0,0,0,
48.586,710,0,0,0,0,0,0,0,0,0,0,0,0,0,0,0,0,
48.664,711,0,0,0,0,0,0,0,0,0,0,0,0,0,0,0,0,
48.730,712,0,0,0,0,0,0,0,0,0,0,0,0,0,0,0,0,
49.103,713,0,0,0,0,0,0,0,0,0,0,0,0,0,0,0,0,
49.166,714,0,0,0,0,0,0,0,0,0,0,0,0,0,0,0,0,
49.238,715,0,0,0,0,0,0,0,0,0,0,0,0,0,0,0,0,
49.303,716,0,0,0,0,0,0,0,0,0,0,0,0,0,0,0,0,
49.371,717,0,0,0,0,0,0,0,0,0,0,0,0,0,0,0,0,
49.435,718,0,0,0,0,0,0,0,0,0,0,0,0,0,0,0,0,
49.504,719,0,0,0,0,0,0,0,0,0,0,0,0,0,0,0,0,
49.569,720,0,0,0,0,0,0,0,0,0,0,0,0,0,0,0,0,
49.638,721,0,0,0,0,0,0,0,0,0,0,0,0,0,0,0,0,
49.700,722,0,0,0,0,0,0,0,0,0,0,0,0,0,0,0,0,
49.771,723,0,0,0,0,0,0,0,0,0,0,0,0,0,0,0,0,
49.837,724,0,0,0,0,0,0,0,0,0,0,0,0,0,0,0,0,
49.900,725,0,0,0,0,0,0,0,0,0,0,0,0,0,0,0,0,
49.966,726,0,0,0,0,0,0,0,0,0,0,0,0,0,0,0,0,
50.032,727,0,0,0,0,0,0,0,0,0,0,0,0,0,0,0,0,
50.111,728,0,0,0,0,0,0,0,0,0,0,0,0,0,0,0,0,
50.186,729,0,0,0,0,0,0,0,0,0,0,0,0,0,0,0,0,
50.250,730,0,0,0,0,0,0,0,0,0,0,0,0,0,0,0,0,
50.315,731,0,0,0,0,0,0,0,0,0,0,0,0,0,0,0,0,
50.382,732,0,0,0,0,0,0,0,0,0,0,0,0,0,0,0,0,
50.445,733,0,0,0,0,0,0,0,0,0,0,0,0,0,0,0,0,
50.512,734,0,0,0,0,0,0,0,0,0,0,0,0,0,0,0,0,
50.576,735,0,0,0,0,0,0,0,0,0,0,0,0,0,0,0,0,
50.641,736,0,0,0,0,0,0,0,0,0,0,0,0,0,0,0,0,
50.706,737,0,0,0,0,0,0,0,0,0,0,0,0,0,0,0,0,
50.771,738,0,0,0,0,0,0,0,0,0,0,0,0,0,0,0,0,
50.846,739,0,0,0,0,0,0,0,0,0,0,0,0,0,0,0,0,
50.910,740,0,0,0,0,0,0,0,0,0,0,0,0,0,0,0,0,
50.975,741,0,0,0,0,0,0,0,0,0,0,0,0,0,0,0,0,
51.039,742,0,0,0,0,0,0,0,0,0,0,0,0,0,0,0,0,
51.104,743,0,0,0,0,0,0,0,0,0,0,0,0,0,0,0,0,
51.163,744,0,0,0,0,0,0,0,0,0,0,0,0,0,0,0,0,
51.223,745,0,0,0,0,0,0,0,0,0,0,0,0,0,0,0,0,
51.287,746,0,0,0,0,0,0,0,0,0,0,0,0,0,0,0,0,
51.351,747,0,0,0,0,0,0,0,0,0,0,0,0,0,0,0,0,
51.418,748,0,0,0,0,0,0,0,0,0,0,0,0,0,0,0,0,
51.484,749,0,0,0,0,0,0,0,0,0,0,0,0,0,0,0,0,
51.546,750,0,0,0,0,0,0,0,0,0,0,0,0,0,0,0,0,
51.612,751,0,0,0,0,0,0,0,0,0,0,0,0,0,0,0,0,
51.680,752,0,0,0,0,0,0,0,0,0,0,0,0,0,0,0,0,
51.733,753,0,0,0,0,0,0,0,0,0,0,0,0,0,0,0,0,
51.791,754,0,0,0,0,0,0,0,0,0,0,0,0,0,0,0,0,
51.860,755,0,0,0,0,0,0,0,0,0,0,0,0,0,0,0,0,
51.924,756,0,0,0,0,0,0,0,0,0,0,0,0,0,0,0,0,
51.987,757,0,0,0,0,0,0,0,0,0,0,0,0,0,0,0,0,
52.050,758,0,0,0,0,0,0,0,0,0,0,0,0,0,0,0,0,
52.118,759,0,0,0,0,0,0,0,0,0,0,0,0,0,0,0,0,
52.187,760,0,0,0,0,0,0,0,0,0,0,0,0,0,0,0,0,
52.248,761,0,0,0,0,0,0,0,0,0,0,0,0,0,0,0,0,
52.312,762,0,0,0,0,0,0,0,0,0,0,0,0,0,0,0,0,
52.377,763,0,0,0,0,0,0,0,0,0,0,0,0,0,0,0,0,
52.441,764,0,0,0,0,0,0,0,0,0,0,0,0,0,0,0,0,
52.504,765,0,0,0,0,0,0,0,0,0,0,0,0,0,0,0,0,
52.568,766,0,0,0,0,0,0,0,0,0,0,0,0,0,0,0,0,
52.632,767,0,0,0,0,0,0,0,0,0,0,0,0,0,0,0,0,
52.697,768,0,0,0,0,0,0,0,0,0,0,0,0,0,0,0,0,
52.760,769,0,0,0,0,0,0,0,0,0,0,0,0,0,0,0,0,
52.832,770,0,0,0,0,0,0,0,0,0,0,0,0,0,0,0,0,
52.907,771,0,0,0,0,0,0,0,0,0,0,0,0,0,0,0,0,
52.987,772,0,0,0,0,0,0,0,0,0,0,0,0,0,0,0,0,
53.049,773,0,0,0,0,0,0,0,0,0,0,0,0,0,0,0,0,
53.118,774,0,0,0,0,0,0,0,0,0,0,0,0,0,0,0,0,
53.172,775,0,0,0,0,0,0,0,0,0,0,0,0,0,0,0,0,
53.231,776,0,0,0,0,0,0,0,0,0,0,0,0,0,0,0,0,
53.293,777,0,0,0,0,0,0,0,0,0,0,0,0,0,0,0,0,
53.355,778,0,0,0,0,0,0,0,0,0,0,0,0,0,0,0,0,
53.418,779,0,0,0,0,0,0,0,0,0,0,0,0,0,0,0,0,
53.478,780,0,0,0,0,0,0,0,0,0,0,0,0,0,0,0,0,
53.541,781,0,0,0,0,0,0,0,0,0,0,0,0,0,0,0,0,
53.609,782,0,0,0,0,0,0,0,0,0,0,0,0,0,0,0,0,
53.677,783,0,0,0,0,0,0,0,0,0,0,0,0,0,0,0,0,
53.744,784,0,0,0,0,0,0,0,0,0,0,0,0,0,0,0,0,
53.810,785,0,0,0,0,0,0,0,0,0,0,0,0,0,0,0,0,
53.876,786,0,0,0,0,0,0,0,0,0,0,0,0,0,0,0,0,
53.948,787,0,0,0,0,0,0,0,0,0,0,0,0,0,0,0,0,
54.086,788,0,0,0,0,0,0,0,0,0,0,0,0,0,0,0,0,
54.157,789,0,0,0,0,0,0,0,0,0,0,0,0,0,0,0,0,
54.226,790,0,0,0,0,0,0,0,0,0,0,0,0,0,0,0,0,
54.294,791,0,0,0,0,0,0,0,0,0,0,0,0,0,0,0,0,
54.359,792,0,0,0,0,0,0,0,0,0,0,0,0,0,0,0,0,
54.427,793,0,0,0,0,0,0,0,0,0,0,0,0,0,0,0,0,
54.491,794,0,0,0,0,0,0,0,0,0,0,0,0,0,0,0,0,
54.558,795,0,0,0,0,0,0,0,0,0,0,0,0,0,0,0,0,
54.622,796,0,0,0,0,0,0,0,0,0,0,0,0,0,0,0,0,
54.689,797,0,0,0,0,0,0,0,0,0,0,0,0,0,0,0,0,
54.755,798,0,0,0,0,0,0,0,0,0,0,0,0,0,0,0,0,
54.820,799,0,0,0,0,0,0,0,0,0,0,0,0,0,0,0,0,
54.891,800,0,0,0,0,0,0,0,0,0,0,0,0,0,0,0,0,
54.964,801,0,0,0,0,0,0,0,0,0,0,0,0,0,0,0,0,
55.028,802,0,0,0,0,0,0,0,0,0,0,0,0,0,0,0,0,
55.096,803,0,0,0,0,0,0,0,0,0,0,0,0,0,0,0,0,
55.167,804,0,0,0,0,0,0,0,0,0,0,0,0,0,0,0,0,
55.243,805,0,0,0,0,0,0,0,0,0,0,0,0,0,0,0,0,
55.310,806,0,0,0,0,0,0,0,0,0,0,0,0,0,0,0,0,
55.388,807,0,0,0,0,0,0,0,0,0,0,0,0,0,0,0,0,
55.455,808,0,0,0,0,0,0,0,0,0,0,0,0,0,0,0,0,
55.522,809,0,0,0,0,0,0,0,0,0,0,0,0,0,0,0,0,
55.587,810,0,0,0,0,0,0,0,0,0,0,0,0,0,0,0,0,
55.660,811,0,0,0,0,0,0,0,0,0,0,0,0,0,0,0,0,
55.726,812,0,0,0,0,0,0,0,0,0,0,0,0,0,0,0,0,
55.793,813,0,0,0,0,0,0,0,0,0,0,0,0,0,0,0,0,
55.995,814,0,0,0,0,0,0,0,0,0,0,0,0,0,0,0,0,
56.062,815,0,0,0,0,0,0,0,0,0,0,0,0,0,0,0,0,
56.267,816,0,0,0,0,0,0,0,0,0,0,0,0,0,0,0,0,
56.564,817,0,0,0,0,0,0,0,0,0,0,0,0,0,0,0,0,
56.778,818,0,0,0,0,0,0,0,0,0,0,0,0,0,0,0,0,
56.841,819,0,0,0,0,0,0,0,0,0,0,0,0,0,0,0,0,
57.027,820,0,0,0,0,0,0,0,0,0,0,0,0,0,0,0,0,
57.093,821,0,0,0,0,0,0,0,0,0,0,0,0,0,0,0,0,
57.267,822,0,0,0,0,0,0,0,0,0,0,0,0,0,0,0,0,
57.381,823,0,0,0,0,0,0,0,0,0,0,0,0,0,0,0,0,
57.451,824,0,0,0,0,0,0,0,0,0,0,0,0,0,0,0,0,
57.634,825,0,0,0,0,0,0,0,0,0,0,0,0,0,0,0,0,
57.712,826,0,0,0,0,0,0,0,0,0,0,0,0,0,0,0,0,
57.891,827,0,0,0,0,0,0,0,0,0,0,0,0,0,0,0,0,
58.074,828,0,0,0,0,0,0,0,0,0,0,0,0,0,0,0,0,
58.167,829,0,0,0,0,0,0,0,0,0,0,0,0,0,0,0,0,
58.399,830,0,0,0,0,0,0,0,0,0,0,0,0,0,0,0,0,
58.581,831,0,0,0,0,0,0,0,0,0,0,0,0,0,0,0,0,
58.874,832,0,0,0,0,0,0,0,0,0,0,0,0,0,0,0,0,
58.947,833,0,0,0,0,0,0,0,0,0,0,0,0,0,0,0,0,
59.157,834,0,0,0,0,0,0,0,0,0,0,0,0,0,0,0,0,
59.215,835,0,0,0,0,0,0,0,0,0,0,0,0,0,0,0,0,
59.280,836,0,0,0,0,0,0,0,0,0,0,0,0,0,0,0,0,
59.343,837,0,0,0,0,0,0,0,0,0,0,0,0,0,0,0,0,
59.408,838,0,0,0,0,0,0,0,0,0,0,0,0,0,0,0,0,
59.476,839,0,0,0,0,0,0,0,0,0,0,0,0,0,0,0,0,
59.544,840,0,0,0,0,0,0,0,0,0,0,0,0,0,0,0,0,
59.607,841,0,0,0,0,0,0,0,0,0,0,0,0,0,0,0,0,
59.670,842,0,0,0,0,0,0,0,0,0,0,0,0,0,0,0,0,
59.736,843,0,0,0,0,0,0,0,0,0,0,0,0,0,0,0,0,
59.797,844,0,0,0,0,0,0,0,0,0,0,0,0,0,0,0,0,
59.871,845,0,0,0,0,0,0,0,0,0,0,0,0,0,0,0,0,
59.932,846,0,0,0,0,0,0,0,0,0,0,0,0,0,0,0,0,
60.000,847,0,0,0,0,0,0,0,0,0,0,0,0,0,0,0,0,
60.066,848,0,0,0,0,0,0,0,0,0,0,0,0,0,0,0,0,
60.131,849,0,0,0,0,0,0,0,0,0,0,0,0,0,0,0,0,
60.206,850,0,0,0,0,0,0,0,0,0,0,0,0,0,0,0,0,
60.294,851,0,0,0,0,0,0,0,0,0,0,0,0,0,0,0,0,
60.362,852,0,0,0,0,0,0,0,0,0,0,0,0,0,0,0,0,
60.427,853,0,0,0,0,0,0,0,0,0,0,0,0,0,0,0,0,
60.493,854,0,0,0,0,0,0,0,0,0,0,0,0,0,0,0,0,
60.558,855,0,0,0,0,0,0,0,0,0,0,0,0,0,0,0,0,
60.622,856,0,0,0,0,0,0,0,0,0,0,0,0,0,0,0,0,
60.689,857,0,0,0,0,0,0,0,0,0,0,0,0,0,0,0,0,
60.753,858,0,0,0,0,0,0,0,0,0,0,0,0,0,0,0,0,
60.822,859,0,0,0,0,0,0,0,0,0,0,0,0,0,0,0,0,
60.888,860,0,0,0,0,0,0,0,0,0,0,0,0,0,0,0,0,
60.956,861,0,0,0,0,0,0,0,0,0,0,0,0,0,0,0,0,
61.025,862,0,0,0,0,0,0,0,0,0,0,0,0,0,0,0,0,
61.091,863,0,0,0,0,0,0,0,0,0,0,0,0,0,0,0,0,
61.158,864,0,0,0,0,0,0,0,0,0,0,0,0,0,0,0,0,
61.219,865,0,0,0,0,0,0,0,0,0,0,0,0,0,0,0,0,
61.279,866,0,0,0,0,0,0,0,0,0,0,0,0,0,0,0,0,
61.364,867,0,0,0,0,0,0,0,0,0,0,0,0,0,0,0,0,
61.429,868,0,0,0,0,0,0,0,0,0,0,0,0,0,0,0,0,
61.491,869,0,0,0,0,0,0,0,0,0,0,0,0,0,0,0,0,
61.558,870,0,0,0,0,0,0,0,0,0,0,0,0,0,0,0,0,
61.630,871,0,0,0,0,0,0,0,0,0,0,0,0,0,0,0,0,
61.705,872,0,0,0,0,0,0,0,0,0,0,0,0,0,0,0,0,
61.788,873,0,0,0,0,0,0,0,0,0,0,0,0,0,0,0,0,
61.886,874,0,0,0,0,0,0,0,0,0,0,0,0,0,0,0,0,
61.997,875,0,0,0,0,0,0,0,0,0,0,0,0,0,0,0,0,
62.156,876,0,0,0,0,0,0,0,0,0,0,0,0,0,0,0,0,
62.326,877,0,0,0,0,0,0,0,0,0,0,0,0,0,0,0,0,
62.468,878,0,0,0,0,0,0,0,0,0,0,0,0,0,0,0,0,
62.616,879,0,0,0,0,0,0,0,0,0,0,0,0,0,0,0,0,
62.789,880,0,0,0,0,0,0,0,0,0,0,0,0,0,0,0,0,
62.972,881,0,0,0,0,0,0,0,0,0,0,0,0,0,0,0,0,
63.186,882,0,0,0,0,0,0,0,0,0,0,0,0,0,0,0,0,
63.313,883,0,0,0,0,0,0,0,0,0,0,0,0,0,0,0,0,
63.408,884,0,0,0,0,0,0,0,0,0,0,0,0,0,0,0,0,
63.509,885,0,0,0,0,0,0,0,0,0,0,0,0,0,0,0,0,
63.606,886,0,0,0,0,0,0,0,0,0,0,0,0,0,0,0,0,
63.721,887,0,0,0,0,0,0,0,0,0,0,0,0,0,0,0,0,
63.837,888,0,0,0,0,0,0,0,0,0,0,0,0,0,0,0,0,
63.954,889,0,0,0,0,0,0,0,0,0,0,0,0,0,0,0,0,
64.100,890,0,0,0,0,0,0,0,0,0,0,0,0,0,0,0,0,
64.206,891,0,0,0,0,0,0,0,0,0,0,0,0,0,0,0,0,
64.315,892,0,0,0,0,0,0,0,0,0,0,0,0,0,0,0,0,
64.442,893,0,0,0,0,0,0,0,0,0,0,0,0,0,0,0,0,
64.572,894,0,0,0,0,0,0,0,0,0,0,0,0,0,0,0,0,
64.687,895,0,0,0,0,0,0,0,0,0,0,0,0,0,0,0,0,
64.748,896,0,0,0,0,0,0,0,0,0,0,0,0,0,0,0,0,
64.844,897,0,0,0,0,0,0,0,0,0,0,0,0,0,0,0,0,
64.941,898,0,0,0,0,0,0,0,0,0,0,0,0,0,0,0,0,
65.058,899,0,0,0,0,0,0,0,0,0,0,0,0,0,0,0,0,
65.177,900,0,0,0,0,0,0,0,0,0,0,0,0,0,0,0,0,
65.244,901,0,0,0,0,0,0,0,0,0,0,0,0,0,0,0,0,
65.315,902,0,0,0,0,0,0,0,0,0,0,0,0,0,0,0,0,
65.464,903,0,0,0,0,0,0,0,0,0,0,0,0,0,0,0,0,
65.639,904,0,0,0,0,0,0,0,0,0,0,0,0,0,0,0,0,
65.740,905,0,0,0,0,0,0,0,0,0,0,0,0,0,0,0,0,
65.802,906,0,0,0,0,0,0,0,0,0,0,0,0,0,0,0,0,
65.908,907,0,0,0,0,0,0,0,0,0,0,0,0,0,0,0,0,
66.045,908,0,0,0,0,0,0,0,0,0,0,0,0,0,0,0,0,
66.226,909,0,0,0,0,0,0,0,0,0,0,0,0,0,0,0,0,
66.294,910,0,0,0,0,0,0,0,0,0,0,0,0,0,0,0,0,
66.393,911,0,0,0,0,0,0,0,0,0,0,0,0,0,0,0,0,
66.517,912,0,0,0,0,0,0,0,0,0,0,0,0,0,0,0,0,
66.648,913,0,0,0,0,0,0,0,0,0,0,0,0,0,0,0,0,
66.790,914,0,0,0,0,0,0,0,0,0,0,0,0,0,0,0,0,
66.871,915,0,0,0,0,0,0,0,0,0,0,0,0,0,0,0,0,
67.025,916,0,0,0,0,0,0,0,0,0,0,0,0,0,0,0,0,
67.196,917,0,0,0,0,0,0,0,0,0,0,0,0,0,0,0,0,
67.334,918,0,0,0,0,0,0,0,0,0,0,0,0,0,0,0,0,
67.443,919,0,0,0,0,0,0,0,0,0,0,0,0,0,0,0,0,
67.509,920,0,0,0,0,0,0,0,0,0,0,0,0,0,0,0,0,
67.589,921,0,0,0,0,0,0,0,0,0,0,0,0,0,0,0,0,
67.662,922,0,0,0,0,0,0,0,0,0,0,0,0,0,0,0,0,
67.727,923,0,0,0,0,0,0,0,0,0,0,0,0,0,0,0,0,
67.796,924,0,0,0,0,0,0,0,0,0,0,0,0,0,0,0,0,
67.865,925,0,0,0,0,0,0,0,0,0,0,0,0,0,0,0,0,
68.035,926,0,0,0,0,0,0,0,0,0,0,0,0,0,0,0,0,
68.180,927,0,0,0,0,0,0,0,0,0,0,0,0,0,0,0,0,
68.240,928,0,0,0,0,0,0,0,0,0,0,0,0,0,0,0,0,
68.303,929,0,0,0,0,0,0,0,0,0,0,0,0,0,0,0,0,
68.369,930,0,0,0,0,0,0,0,0,0,0,0,0,0,0,0,0,
68.431,931,0,0,0,0,0,0,0,0,0,0,0,0,0,0,0,0,
68.502,932,0,0,0,0,0,0,0,0,0,0,0,0,0,0,0,0,
68.566,933,0,0,0,0,0,0,0,0,0,0,0,0,0,0,0,0,
68.659,934,0,0,0,0,0,0,0,0,0,0,0,0,0,0,0,0,
68.783,935,0,0,0,0,0,0,0,0,0,0,0,0,0,0,0,0,
68.867,936,0,0,0,0,0,0,0,0,0,0,0,0,0,0,0,0,
68.932,937,0,0,0,0,0,0,0,0,0,0,0,0,0,0,0,0,
69.209,938,0,0,0,0,0,0,0,0,0,0,0,0,0,0,0,0,
69.309,939,0,0,0,0,0,0,0,0,0,0,0,0,0,0,0,0,
69.425,940,0,0,0,0,0,0,0,0,0,0,0,0,0,0,0,0,
69.503,941,0,0,0,0,0,0,0,0,0,0,0,0,0,0,0,0,
69.574,942,0,0,0,0,0,0,0,0,0,0,0,0,0,0,0,0,
69.638,943,0,0,0,0,0,0,0,0,0,0,0,0,0,0,0,0,
69.709,944,0,0,0,0,0,0,0,0,0,0,0,0,0,0,0,0,
69.912,945,0,0,0,0,0,0,0,0,0,0,0,0,0,0,0,0,
69.978,946,0,0,0,0,0,0,0,0,0,0,0,0,0,0,0,0,
70.047,947,0,0,0,0,0,0,0,0,0,0,0,0,0,0,0,0,
70.119,948,0,0,0,0,0,0,0,0,0,0,0,0,0,0,0,0,
70.293,949,0,0,0,0,0,0,0,0,0,0,0,0,0,0,0,0,
70.448,950,0,0,0,0,0,0,0,0,0,0,0,0,0,0,0,0,
70.615,951,0,0,0,0,0,0,0,0,0,0,0,0,0,0,0,0,
70.745,952,0,0,0,0,0,0,0,0,0,0,0,0,0,0,0,0,
70.855,953,0,0,0,0,0,0,0,0,0,0,0,0,0,0,0,0,
71.007,954,0,0,0,0,0,0,0,0,0,0,0,0,0,0,0,0,
71.162,955,0,0,0,0,0,0,0,0,0,0,0,0,0,0,0,0,
71.296,956,0,0,0,0,0,0,0,0,0,0,0,0,0,0,0,0,
71.444,957,0,0,0,0,0,0,0,0,0,0,0,0,0,0,0,0,
71.577,958,0,0,0,0,0,0,0,0,0,0,0,0,0,0,0,0,
71.715,959,0,0,0,0,0,0,0,0,0,0,0,0,0,0,0,0,
71.841,960,0,0,0,0,0,0,0,0,0,0,0,0,0,0,0,0,
71.954,961,0,0,0,0,0,0,0,0,0,0,0,0,0,0,0,0,
72.060,962,0,0,0,0,0,0,0,0,0,0,0,0,0,0,0,0,
72.202,963,0,0,0,0,0,0,0,0,0,0,0,0,0,0,0,0,
72.308,964,0,0,0,0,0,0,0,0,0,0,0,0,0,0,0,0,
72.404,965,0,0,0,0,0,0,0,0,0,0,0,0,0,0,0,0,
72.463,966,0,0,0,0,0,0,0,0,0,0,0,0,0,0,0,0,
72.522,967,0,0,0,0,0,0,0,0,0,0,0,0,0,0,0,0,
72.584,968,0,0,0,0,0,0,0,0,0,0,0,0,0,0,0,0,
72.646,969,0,0,0,0,0,0,0,0,0,0,0,0,0,0,0,0,
72.709,970,0,0,0,0,0,0,0,0,0,0,0,0,0,0,0,0,
72.778,971,0,0,0,0,0,0,0,0,0,0,0,0,0,0,0,0,
72.858,972,0,0,0,0,0,0,0,0,0,0,0,0,0,0,0,0,
72.954,973,0,0,0,0,0,0,0,0,0,0,0,0,0,0,0,0,
73.018,974,0,0,0,0,0,0,0,0,0,0,0,0,0,0,0,0,
73.086,975,0,0,0,0,0,0,0,0,0,0,0,0,0,0,0,0,
73.148,976,0,0,0,0,0,0,0,0,0,0,0,0,0,0,0,0,
73.209,977,0,0,0,0,0,0,0,0,0,0,0,0,0,0,0,0,
73.269,978,0,0,0,0,0,0,0,0,0,0,0,0,0,0,0,0,
73.336,979,0,0,0,0,0,0,0,0,0,0,0,0,0,0,0,0,
73.399,980,0,0,0,0,0,0,0,0,0,0,0,0,0,0,0,0,
73.466,981,0,0,0,0,0,0,0,0,0,0,0,0,0,0,0,0,
73.528,982,0,0,0,0,0,0,0,0,0,0,0,0,0,0,0,0,
73.595,983,0,0,0,0,0,0,0,0,0,0,0,0,0,0,0,0,
73.655,984,0,0,0,0,0,0,0,0,0,0,0,0,0,0,0,0,
73.718,985,0,0,0,0,0,0,0,0,0,0,0,0,0,0,0,0,
73.784,986,0,0,0,0,0,0,0,0,0,0,0,0,0,0,0,0,
73.845,987,0,0,0,0,0,0,0,0,0,0,0,0,0,0,0,0,
73.907,988,0,0,0,0,0,0,0,0,0,0,0,0,0,0,0,0,
74.028,989,0,0,0,0,0,0,0,0,0,0,0,0,0,0,0,0,
74.098,990,0,0,0,0,0,0,0,0,0,0,0,0,0,0,0,0,
74.162,991,0,0,0,0,0,0,0,0,0,0,0,0,0,0,0,0,
74.229,992,0,0,0,0,0,0,0,0,0,0,0,0,0,0,0,0,
74.313,993,0,0,0,0,0,0,0,0,0,0,0,0,0,0,0,0,
74.372,994,0,0,0,0,0,0,0,0,0,0,0,0,0,0,0,0,
74.438,995,0,0,0,0,0,0,0,0,0,0,0,0,0,0,0,0,
74.517,996,0,0,0,0,0,0,0,0,0,0,0,0,0,0,0,0,
74.578,997,0,0,0,0,0,0,0,0,0,0,0,0,0,0,0,0,
74.644,998,0,0,0,0,0,0,0,0,0,0,0,0,0,0,0,0,
74.713,999,0,0,0,0,0,0,0,0,0,0,0,0,0,0,0,0,
74.778,1000,0,0,0,0,0,0,0,0,0,0,0,0,0,0,0,0,
74.843,1001,0,0,0,0,0,0,0,0,0,0,0,0,0,0,0,0,
74.917,1002,0,0,0,0,0,0,0,0,0,0,0,0,0,0,0,0,
74.981,1003,0,0,0,0,0,0,0,0,0,0,0,0,0,0,0,0,
75.043,1004,0,0,0,0,0,0,0,0,0,0,0,0,0,0,0,0,
75.333,1005,0,0,0,0,0,0,0,0,0,0,0,0,0,0,0,0,
75.388,1006,0,0,0,0,0,0,0,0,0,0,0,0,0,0,0,0,
75.593,1007,0,0,0,0,0,0,0,0,0,0,0,0,0,0,0,0,
75.651,1008,0,0,0,0,0,0,0,0,0,0,0,0,0,0,0,0,
75.703,1009,0,0,0,0,0,0,0,0,0,0,0,0,0,0,0,0,
75.760,1010,0,0,0,0,0,0,0,0,0,0,0,0,0,0,0,0,
75.813,1011,0,0,0,0,0,0,0,0,0,0,0,0,0,0,0,0,
75.874,1012,0,0,0,0,0,0,0,0,0,0,0,0,0,0,0,0,
75.929,1013,0,0,0,0,0,0,0,0,0,0,0,0,0,0,0,0,
75.983,1014,0,0,0,0,0,0,0,0,0,0,0,0,0,0,0,0,
76.042,1015,0,0,0,0,0,0,0,0,0,0,0,0,0,0,0,0,
76.093,1016,0,0,0,0,0,0,0,0,0,0,0,0,0,0,0,0,
76.161,1017,0,0,0,0,0,0,0,0,0,0,0,0,0,0,0,0,
76.225,1018,0,0,0,0,0,0,0,0,0,0,0,0,0,0,0,0,
76.297,1019,0,0,0,0,0,0,0,0,0,0,0,0,0,0,0,0,
76.361,1020,0,0,0,0,0,0,0,0,0,0,0,0,0,0,0,0,
76.425,1021,0,0,0,0,0,0,0,0,0,0,0,0,0,0,0,0,
76.492,1022,0,0,0,0,0,0,0,0,0,0,0,0,0,0,0,0,
76.558,1023,0,0,0,0,0,0,0,0,0,0,0,0,0,0,0,0,
76.622,1024,0,0,0,0,0,0,0,0,0,0,0,0,0,0,0,0,
76.686,1025,0,0,0,0,0,0,0,0,0,0,0,0,0,0,0,0,
76.754,1026,0,0,0,0,0,0,0,0,0,0,0,0,0,0,0,0,
76.821,1027,0,0,0,0,0,0,0,0,0,0,0,0,0,0,0,0,
76.893,1028,0,0,0,0,0,0,0,0,0,0,0,0,0,0,0,0,
76.958,1029,0,0,0,0,0,0,0,0,0,0,0,0,0,0,0,0,
77.028,1030,0,0,0,0,0,0,0,0,0,0,0,0,0,0,0,0,
77.096,1031,0,0,0,0,0,0,0,0,0,0,0,0,0,0,0,0,
77.164,1032,0,0,0,0,0,0,0,0,0,0,0,0,0,0,0,0,
77.224,1033,0,0,0,0,0,0,0,0,0,0,0,0,0,0,0,0,
77.293,1034,0,0,0,0,0,0,0,0,0,0,0,0,0,0,0,0,
77.420,1035,0,0,0,0,0,0,0,0,0,0,0,0,0,0,0,0,
77.483,1036,0,0,0,0,0,0,0,0,0,0,0,0,0,0,0,0,
77.547,1037,0,0,0,0,0,0,0,0,0,0,0,0,0,0,0,0,
77.612,1038,0,0,0,0,0,0,0,0,0,0,0,0,0,0,0,0,
77.677,1039,0,0,0,0,0,0,0,0,0,0,0,0,0,0,0,0,
77.741,1040,0,0,0,0,0,0,0,0,0,0,0,0,0,0,0,0,
77.805,1041,0,0,0,0,0,0,0,0,0,0,0,0,0,0,0,0,
77.870,1042,0,0,0,0,0,0,0,0,0,0,0,0,0,0,0,0,
77.948,1043,0,0,0,0,0,0,0,0,0,0,0,0,0,0,0,0,
78.014,1044,0,0,0,0,0,0,0,0,0,0,0,0,0,0,0,0,
78.078,1045,0,0,0,0,0,0,0,0,0,0,0,0,0,0,0,0,
78.145,1046,0,0,0,0,0,0,0,0,0,0,0,0,0,0,0,0,
78.207,1047,0,0,0,0,0,0,0,0,0,0,0,0,0,0,0,0,
78.274,1048,0,0,0,0,0,0,0,0,0,0,0,0,0,0,0,0,
78.338,1049,0,0,0,0,0,0,0,0,0,0,0,0,0,0,0,0,
78.402,1050,0,0,0,0,0,0,0,0,0,0,0,0,0,0,0,0,
78.466,1051,0,0,0,0,0,0,0,0,0,0,0,0,0,0,0,0,
78.530,1052,0,0,0,0,0,0,0,0,0,0,0,0,0,0,0,0,
78.596,1053,0,0,0,0,0,0,0,0,0,0,0,0,0,0,0,0,
78.658,1054,0,0,0,0,0,0,0,0,0,0,0,0,0,0,0,0,
78.722,1055,0,0,0,0,0,0,0,0,0,0,0,0,0,0,0,0,
78.785,1056,0,0,0,0,0,0,0,0,0,0,0,0,0,0,0,0,
78.853,1057,0,0,0,0,0,0,0,0,0,0,0,0,0,0,0,0,
78.922,1058,0,0,0,0,0,0,0,0,0,0,0,0,0,0,0,0,
79.041,1059,0,0,0,0,0,0,0,0,0,0,0,0,0,0,0,0,
79.104,1060,0,0,0,0,0,0,0,0,0,0,0,0,0,0,0,0,
79.169,1061,0,0,0,0,0,0,0,0,0,0,0,0,0,0,0,0,
79.229,1062,0,0,0,0,0,0,0,0,0,0,0,0,0,0,0,0,
79.296,1063,0,0,0,0,0,0,0,0,0,0,0,0,0,0,0,0,
79.364,1064,0,0,0,0,0,0,0,0,0,0,0,0,0,0,0,0,
79.434,1065,0,0,0,0,0,0,0,0,0,0,0,0,0,0,0,0,
79.497,1066,0,0,0,0,0,0,0,0,0,0,0,0,0,0,0,0,
79.570,1067,0,0,0,0,0,0,0,0,0,0,0,0,0,0,0,0,
79.639,1068,0,0,0,0,0,0,0,0,0,0,0,0,0,0,0,0,
79.704,1069,0,0,0,0,0,0,0,0,0,0,0,0,0,0,0,0,
79.771,1070,0,0,0,0,0,0,0,0,0,0,0,0,0,0,0,0,
79.843,1071,0,0,0,0,0,0,0,0,0,0,0,0,0,0,0,0,
79.908,1072,0,0,0,0,0,0,0,0,0,0,0,0,0,0,0,0,
79.974,1073,0,0,0,0,0,0,0,0,0,0,0,0,0,0,0,0,
80.041,1074,0,0,0,0,0,0,0,0,0,0,0,0,0,0,0,0,
80.106,1075,0,0,0,0,0,0,0,0,0,0,0,0,0,0,0,0,
80.183,1076,0,0,0,0,0,0,0,0,0,0,0,0,0,0,0,0,
80.270,1077,0,0,0,0,0,0,0,0,0,0,0,0,0,0,0,0,
80.350,1078,0,0,0,0,0,0,0,0,0,0,0,0,0,0,0,0,
80.432,1079,0,0,0,0,0,0,0,0,0,0,0,0,0,0,0,0,
80.499,1080,0,0,0,0,0,0,0,0,0,0,0,0,0,0,0,0,
80.574,1081,0,0,0,0,0,0,0,0,0,0,0,0,0,0,0,0,
80.662,1082,0,0,0,0,0,0,0,0,0,0,0,0,0,0,0,0,
80.723,1083,0,0,0,0,0,0,0,0,0,0,0,0,0,0,0,0,
80.789,1084,0,0,0,0,0,0,0,0,0,0,0,0,0,0,0,0,
80.860,1085,0,0,0,0,0,0,0,0,0,0,0,0,0,0,0,0,
80.926,1086,0,0,0,0,0,0,0,0,0,0,0,0,0,0,0,0,
80.993,1087,0,0,0,0,0,0,0,0,0,0,0,0,0,0,0,0,
81.059,1088,0,0,0,0,0,0,0,0,0,0,0,0,0,0,0,0,
81.121,1089,0,0,0,0,0,0,0,0,0,0,0,0,0,0,0,0,
81.178,1090,0,0,0,0,0,0,0,0,0,0,0,0,0,0,0,0,
81.237,1091,0,0,0,0,0,0,0,0,0,0,0,0,0,0,0,0,
81.306,1092,0,0,0,0,0,0,0,0,0,0,0,0,0,0,0,0,
81.378,1093,0,0,0,0,0,0,0,0,0,0,0,0,0,0,0,0,
81.444,1094,0,0,0,0,0,0,0,0,0,0,0,0,0,0,0,0,
81.511,1095,0,0,0,0,0,0,0,0,0,0,0,0,0,0,0,0,
81.578,1096,0,0,0,0,0,0,0,0,0,0,0,0,0,0,0,0,
81.646,1097,0,0,0,0,0,0,0,0,0,0,0,0,0,0,0,0,
81.710,1098,0,0,0,0,0,0,0,0,0,0,0,0,0,0,0,0,
81.777,1099,0,0,0,0,0,0,0,0,0,0,0,0,0,0,0,0,
81.838,1100,0,0,0,0,0,0,0,0,0,0,0,0,0,0,0,0,
81.904,1101,0,0,0,0,0,0,0,0,0,0,0,0,0,0,0,0,
81.969,1102,0,0,0,0,0,0,0,0,0,0,0,0,0,0,0,0,
82.030,1103,0,0,0,0,0,0,0,0,0,0,0,0,0,0,0,0,
82.095,1104,0,0,0,0,0,0,0,0,0,0,0,0,0,0,0,0,
82.156,1105,0,0,0,0,0,0,0,0,0,0,0,0,0,0,0,0,
82.220,1106,0,0,0,0,0,0,0,0,0,0,0,0,0,0,0,0,
82.284,1107,0,0,0,0,0,0,0,0,0,0,0,0,0,0,0,0,
82.351,1108,0,0,0,0,0,0,0,0,0,0,0,0,0,0,0,0,
82.416,1109,0,0,0,0,0,0,0,0,0,0,0,0,0,0,0,0,
82.479,1110,0,0,0,0,0,0,0,0,0,0,0,0,0,0,0,0,
82.544,1111,0,0,0,0,0,0,0,0,0,0,0,0,0,0,0,0,
82.611,1112,0,0,0,0,0,0,0,0,0,0,0,0,0,0,0,0,
82.674,1113,0,0,0,0,0,0,0,0,0,0,0,0,0,0,0,0,
82.741,1114,0,0,0,0,0,0,0,0,0,0,0,0,0,0,0,0,
82.803,1115,0,0,0,0,0,0,0,0,0,0,0,0,0,0,0,0,
82.863,1116,0,0,0,0,0,0,0,0,0,0,0,0,0,0,0,0,
82.934,1117,0,0,0,0,0,0,0,0,0,0,0,0,0,0,0,0,
83.004,1118,0,0,0,0,0,0,0,0,0,0,0,0,0,0,0,0,
83.066,1119,0,0,0,0,0,0,0,0,0,0,0,0,0,0,0,0,
83.135,1120,0,0,0,0,0,0,0,0,0,0,0,0,0,0,0,0,
83.196,1121,0,0,0,0,0,0,0,0,0,0,0,0,0,0,0,0,
83.258,1122,0,0,0,0,0,0,0,0,0,0,0,0,0,0,0,0,
83.324,1123,0,0,0,0,0,0,0,0,0,0,0,0,0,0,0,0,
83.393,1124,0,0,0,0,0,0,0,0,0,0,0,0,0,0,0,0,
83.454,1125,0,0,0,0,0,0,0,0,0,0,0,0,0,0,0,0,
83.518,1126,0,0,0,0,0,0,0,0,0,0,0,0,0,0,0,0,
83.578,1127,0,0,0,0,0,0,0,0,0,0,0,0,0,0,0,0,
83.638,1128,0,0,0,0,0,0,0,0,0,0,0,0,0,0,0,0,
83.699,1129,0,0,0,0,0,0,0,0,0,0,0,0,0,0,0,0,
83.759,1130,0,0,0,0,0,0,0,0,0,0,0,0,0,0,0,0,
83.823,1131,0,0,0,0,0,0,0,0,0,0,0,0,0,0,0,0,
83.887,1132,0,0,0,0,0,0,0,0,0,0,0,0,0,0,0,0,
83.953,1133,0,0,0,0,0,0,0,0,0,0,0,0,0,0,0,0,
84.096,1134,0,0,0,0,0,0,0,0,0,0,0,0,0,0,0,0,
84.157,1135,0,0,0,0,0,0,0,0,0,0,0,0,0,0,0,0,
84.218,1136,0,0,0,0,0,0,0,0,0,0,0,0,0,0,0,0,
84.285,1137,0,0,0,0,0,0,0,0,0,0,0,0,0,0,0,0,
84.355,1138,0,0,0,0,0,0,0,0,0,0,0,0,0,0,0,0,
84.425,1139,0,0,0,0,0,0,0,0,0,0,0,0,0,0,0,0,
84.493,1140,0,0,0,0,0,0,0,0,0,0,0,0,0,0,0,0,
84.612,1141,0,0,0,0,0,0,0,0,0,0,0,0,0,0,0,0,
84.678,1142,0,0,0,0,0,0,0,0,0,0,0,0,0,0,0,0,
84.745,1143,0,0,0,0,0,0,0,0,0,0,0,0,0,0,0,0,
84.810,1144,0,0,0,0,0,0,0,0,0,0,0,0,0,0,0,0,
84.879,1145,0,0,0,0,0,0,0,0,0,0,0,0,0,0,0,0,
84.946,1146,0,0,0,0,0,0,0,0,0,0,0,0,0,0,0,0,
85.012,1147,0,0,0,0,0,0,0,0,0,0,0,0,0,0,0,0,
85.083,1148,0,0,0,0,0,0,0,0,0,0,0,0,0,0,0,0,
85.148,1149,0,0,0,0,0,0,0,0,0,0,0,0,0,0,0,0,
85.201,1150,0,0,0,0,0,0,0,0,0,0,0,0,0,0,0,0,
85.264,1151,0,0,0,0,0,0,0,0,0,0,0,0,0,0,0,0,
85.329,1152,0,0,0,0,0,0,0,0,0,0,0,0,0,0,0,0,
85.402,1153,0,0,0,0,0,0,0,0,0,0,0,0,0,0,0,0,
85.467,1154,0,0,0,0,0,0,0,0,0,0,0,0,0,0,0,0,
85.532,1155,0,0,0,0,0,0,0,0,0,0,0,0,0,0,0,0,
85.601,1156,0,0,0,0,0,0,0,0,0,0,0,0,0,0,0,0,
85.686,1157,0,0,0,0,0,0,0,0,0,0,0,0,0,0,0,0,
85.772,1158,0,0,0,0,0,0,0,0,0,0,0,0,0,0,0,0,
85.838,1159,0,0,0,0,0,0,0,0,0,0,0,0,0,0,0,0,
85.913,1160,0,0,0,0,0,0,0,0,0,0,0,0,0,0,0,0,
85.980,1161,0,0,0,0,0,0,0,0,0,0,0,0,0,0,0,0,
86.041,1162,0,0,0,0,0,0,0,0,0,0,0,0,0,0,0,0,
86.106,1163,0,0,0,0,0,0,0,0,0,0,0,0,0,0,0,0,
86.180,1164,0,0,0,0,0,0,0,0,0,0,0,0,0,0,0,0,
86.244,1165,0,0,0,0,0,0,0,0,0,0,0,0,0,0,0,0,
86.308,1166,0,0,0,0,0,0,0,0,0,0,0,0,0,0,0,0,
86.375,1167,0,0,0,0,0,0,0,0,0,0,0,0,0,0,0,0,
86.440,1168,0,0,0,0,0,0,0,0,0,0,0,0,0,0,0,0,
86.511,1169,0,0,0,0,0,0,0,0,0,0,0,0,0,0,0,0,
86.591,1170,0,0,0,0,0,0,0,0,0,0,0,0,0,0,0,0,
86.654,1171,0,0,0,0,0,0,0,0,0,0,0,0,0,0,0,0,
86.719,1172,0,0,0,0,0,0,0,0,0,0,0,0,0,0,0,0,
86.795,1173,0,0,0,0,0,0,0,0,0,0,0,0,0,0,0,0,
86.861,1174,0,0,0,0,0,0,0,0,0,0,0,0,0,0,0,0,
86.925,1175,0,0,0,0,0,0,0,0,0,0,0,0,0,0,0,0,
86.994,1176,0,0,0,0,0,0,0,0,0,0,0,0,0,0,0,0,
87.059,1177,0,0,0,0,0,0,0,0,0,0,0,0,0,0,0,0,
87.129,1178,0,0,0,0,0,0,0,0,0,0,0,0,0,0,0,0,
87.187,1179,0,0,0,0,0,0,0,0,0,0,0,0,0,0,0,0,
87.251,1180,0,0,0,0,0,0,0,0,0,0,0,0,0,0,0,0,
87.318,1181,0,0,0,0,0,0,0,0,0,0,0,0,0,0,0,0,
87.382,1182,0,0,0,0,0,0,0,0,0,0,0,0,0,0,0,0,
87.456,1183,0,0,0,0,0,0,0,0,0,0,0,0,0,0,0,0,
87.530,1184,0,0,0,0,0,0,0,0,0,0,0,0,0,0,0,0,
87.601,1185,0,0,0,0,0,0,0,0,0,0,0,0,0,0,0,0,
87.668,1186,0,0,0,0,0,0,0,0,0,0,0,0,0,0,0,0,
87.732,1187,0,0,0,0,0,0,0,0,0,0,0,0,0,0,0,0,
87.799,1188,0,0,0,0,0,0,0,0,0,0,0,0,0,0,0,0,
87.873,1189,0,0,0,0,0,0,0,0,0,0,0,0,0,0,0,0,
87.940,1190,0,0,0,0,0,0,0,0,0,0,0,0,0,0,0,0,
88.025,1191,0,0,0,0,0,0,0,0,0,0,0,0,0,0,0,0,
88.094,1192,0,0,0,0,0,0,0,0,0,0,0,0,0,0,0,0,
88.158,1193,0,0,0,0,0,0,0,0,0,0,0,0,0,0,0,0,
88.223,1194,0,0,0,0,0,0,0,0,0,0,0,0,0,0,0,0,
88.286,1195,0,0,0,0,0,0,0,0,0,0,0,0,0,0,0,0,
88.349,1196,0,0,0,0,0,0,0,0,0,0,0,0,0,0,0,0,
88.415,1197,0,0,0,0,0,0,0,0,0,0,0,0,0,0,0,0,
88.484,1198,0,0,0,0,0,0,0,0,0,0,0,0,0,0,0,0,
88.552,1199,0,0,0,0,0,0,0,0,0,0,0,0,0,0,0,0,
88.615,1200,0,0,0,0,0,0,0,0,0,0,0,0,0,0,0,0,
88.682,1201,0,0,0,0,0,0,0,0,0,0,0,0,0,0,0,0,
88.745,1202,0,0,0,0,0,0,0,0,0,0,0,0,0,0,0,0,
88.804,1203,0,0,0,0,0,0,0,0,0,0,0,0,0,0,0,0,
88.873,1204,0,0,0,0,0,0,0,0,0,0,0,0,0,0,0,0,
88.934,1205,0,0,0,0,0,0,0,0,0,0,0,0,0,0,0,0,
88.997,1206,0,0,0,0,0,0,0,0,0,0,0,0,0,0,0,0,
89.061,1207,0,0,0,0,0,0,0,0,0,0,0,0,0,0,0,0,
89.129,1208,0,0,0,0,0,0,0,0,0,0,0,0,0,0,0,0,
89.200,1209,0,0,0,0,0,0,0,0,0,0,0,0,0,0,0,0,
89.263,1210,0,0,0,0,0,0,0,0,0,0,0,0,0,0,0,0,
89.329,1211,0,0,0,0,0,0,0,0,0,0,0,0,0,0,0,0,
89.394,1212,0,0,0,0,0,0,0,0,0,0,0,0,0,0,0,0,
89.463,1213,0,0,0,0,0,0,0,0,0,0,0,0,0,0,0,0,
89.528,1214,0,0,0,0,0,0,0,0,0,0,0,0,0,0,0,0,
89.596,1215,0,0,0,0,0,0,0,0,0,0,0,0,0,0,0,0,
89.664,1216,0,0,0,0,0,0,0,0,0,0,0,0,0,0,0,0,
89.728,1217,0,0,0,0,0,0,0,0,0,0,0,0,0,0,0,0,
89.794,1218,0,0,0,0,0,0,0,0,0,0,0,0,0,0,0,0,
89.864,1219,0,0,0,0,0,0,0,0,0,0,0,0,0,0,0,0,
89.978,1220,0,0,0,0,0,0,0,0,0,0,0,0,0,0,0,0,
90.031,1221,0,0,0,0,0,0,0,0,0,0,0,0,0,0,0,0,
90.104,1222,0,0,0,0,0,0,0,0,0,0,0,0,0,0,0,0,
90.166,1223,0,0,0,0,0,0,0,0,0,0,0,0,0,0,0,0,
90.230,1224,0,0,0,0,0,0,0,0,0,0,0,0,0,0,0,0,
90.295,1225,0,0,0,0,0,0,0,0,0,0,0,0,0,0,0,0,
90.364,1226,0,0,0,0,0,0,0,0,0,0,0,0,0,0,0,0,
90.430,1227,0,0,0,0,0,0,0,0,0,0,0,0,0,0,0,0,
90.501,1228,0,0,0,0,0,0,0,0,0,0,0,0,0,0,0,0,
90.569,1229,0,0,0,0,0,0,0,0,0,0,0,0,0,0,0,0,
90.635,1230,0,0,0,0,0,0,0,0,0,0,0,0,0,0,0,0,
90.699,1231,0,0,0,0,0,0,0,0,0,0,0,0,0,0,0,0,
90.785,1232,0,0,0,0,0,0,0,0,0,0,0,0,0,0,0,0,
90.853,1233,0,0,0,0,0,0,0,0,0,0,0,0,0,0,0,0,
90.925,1234,0,0,0,0,0,0,0,0,0,0,0,0,0,0,0,0,
90.995,1235,0,0,0,0,0,0,0,0,0,0,0,0,0,0,0,0,
91.057,1236,0,0,0,0,0,0,0,0,0,0,0,0,0,0,0,0,
91.121,1237,0,0,0,0,0,0,0,0,0,0,0,0,0,0,0,0,
91.182,1238,0,0,0,0,0,0,0,0,0,0,0,0,0,0,0,0,
91.252,1239,0,0,0,0,0,0,0,0,0,0,0,0,0,0,0,0,
91.320,1240,0,0,0,0,0,0,0,0,0,0,0,0,0,0,0,0,
91.386,1241,0,0,0,0,0,0,0,0,0,0,0,0,0,0,0,0,
91.548,1242,0,0,0,0,0,0,0,0,0,0,0,0,0,0,0,0,
91.617,1243,0,0,0,0,0,0,0,0,0,0,0,0,0,0,0,0,
91.681,1244,0,0,0,0,0,0,0,0,0,0,0,0,0,0,0,0,
91.816,1245,0,0,0,0,0,0,0,0,0,0,0,0,0,0,0,0,
91.879,1246,0,0,0,0,0,0,0,0,0,0,0,0,0,0,0,0,
91.946,1247,0,0,0,0,0,0,0,0,0,0,0,0,0,0,0,0,
92.011,1248,0,0,0,0,0,0,0,0,0,0,0,0,0,0,0,0,
92.075,1249,0,0,0,0,0,0,0,0,0,0,0,0,0,0,0,0,
92.140,1250,0,0,0,0,0,0,0,0,0,0,0,0,0,0,0,0,
92.208,1251,0,0,0,0,0,0,0,0,0,0,0,0,0,0,0,0,
92.269,1252,0,0,0,0,0,0,0,0,0,0,0,0,0,0,0,0,
92.336,1253,0,0,0,0,0,0,0,0,0,0,0,0,0,0,0,0,
92.399,1254,0,0,0,0,0,0,0,0,0,0,0,0,0,0,0,0,
92.466,1255,0,0,0,0,0,0,0,0,0,0,0,0,0,0,0,0,
92.534,1256,0,0,0,0,0,0,0,0,0,0,0,0,0,0,0,0,
92.596,1257,0,0,0,0,0,0,0,0,0,0,0,0,0,0,0,0,
92.660,1258,0,0,0,0,0,0,0,0,0,0,0,0,0,0,0,0,
92.721,1259,0,0,0,0,0,0,0,0,0,0,0,0,0,0,0,0,
92.782,1260,0,0,0,0,0,0,0,0,0,0,0,0,0,0,0,0,
92.848,1261,0,0,0,0,0,0,0,0,0,0,0,0,0,0,0,0,
92.914,1262,0,0,0,0,0,0,0,0,0,0,0,0,0,0,0,0,
92.984,1263,0,0,0,0,0,0,0,0,0,0,0,0,0,0,0,0,
93.052,1264,0,0,0,0,0,0,0,0,0,0,0,0,0,0,0,0,
93.115,1265,0,0,0,0,0,0,0,0,0,0,0,0,0,0,0,0,
93.176,1266,0,0,0,0,0,0,0,0,0,0,0,0,0,0,0,0,
93.238,1267,0,0,0,0,0,0,0,0,0,0,0,0,0,0,0,0,
93.301,1268,0,0,0,0,0,0,0,0,0,0,0,0,0,0,0,0,
93.368,1269,0,0,0,0,0,0,0,0,0,0,0,0,0,0,0,0,
93.433,1270,0,0,0,0,0,0,0,0,0,0,0,0,0,0,0,0,
93.495,1271,0,0,0,0,0,0,0,0,0,0,0,0,0,0,0,0,
93.564,1272,0,0,0,0,0,0,0,0,0,0,0,0,0,0,0,0,
93.625,1273,0,0,0,0,0,0,0,0,0,0,0,0,0,0,0,0,
93.693,1274,0,0,0,0,0,0,0,0,0,0,0,0,0,0,0,0,
93.759,1275,0,0,0,0,0,0,0,0,0,0,0,0,0,0,0,0,
93.827,1276,0,0,0,0,0,0,0,0,0,0,0,0,0,0,0,0,
93.896,1277,0,0,0,0,0,0,0,0,0,0,0,0,0,0,0,0,
93.975,1278,0,0,0,0,0,0,0,0,0,0,0,0,0,0,0,0,
94.035,1279,0,0,0,0,0,0,0,0,0,0,0,0,0,0,0,0,
94.099,1280,0,0,0,0,0,0,0,0,0,0,0,0,0,0,0,0,
94.162,1281,0,0,0,0,0,0,0,0,0,0,0,0,0,0,0,0,
94.224,1282,0,0,0,0,0,0,0,0,0,0,0,0,0,0,0,0,
94.295,1283,0,0,0,0,0,0,0,0,0,0,0,0,0,0,0,0,
94.364,1284,0,0,0,0,0,0,0,0,0,0,0,0,0,0,0,0,
94.429,1285,0,0,0,0,0,0,0,0,0,0,0,0,0,0,0,0,
94.492,1286,0,0,0,0,0,0,0,0,0,0,0,0,0,0,0,0,
94.560,1287,0,0,0,0,0,0,0,0,0,0,0,0,0,0,0,0,
94.627,1288,0,0,0,0,0,0,0,0,0,0,0,0,0,0,0,0,
94.692,1289,0,0,0,0,0,0,0,0,0,0,0,0,0,0,0,0,
94.757,1290,0,0,0,0,0,0,0,0,0,0,0,0,0,0,0,0,
94.823,1291,0,0,0,0,0,0,0,0,0,0,0,0,0,0,0,0,
94.892,1292,0,0,0,0,0,0,0,0,0,0,0,0,0,0,0,0,
94.951,1293,0,0,0,0,0,0,0,0,0,0,0,0,0,0,0,0,
95.011,1294,0,0,0,0,0,0,0,0,0,0,0,0,0,0,0,0,
95.065,1295,0,0,0,0,0,0,0,0,0,0,0,0,0,0,0,0,
95.128,1296,0,0,0,0,0,0,0,0,0,0,0,0,0,0,0,0,
95.192,1297,0,0,0,0,0,0,0,0,0,0,0,0,0,0,0,0,
95.268,1298,0,0,0,0,0,0,0,0,0,0,0,0,0,0,0,0,
95.340,1299,0,0,0,0,0,0,0,0,0,0,0,0,0,0,0,0,
95.412,1300,0,0,0,0,0,0,0,0,0,0,0,0,0,0,0,0,
95.476,1301,0,0,0,0,0,0,0,0,0,0,0,0,0,0,0,0,
95.541,1302,0,0,0,0,0,0,0,0,0,0,0,0,0,0,0,0,
95.613,1303,0,0,0,0,0,0,0,0,0,0,0,0,0,0,0,0,
95.676,1304,0,0,0,0,0,0,0,0,0,0,0,0,0,0,0,0,
95.742,1305,0,0,0,0,0,0,0,0,0,0,0,0,0,0,0,0,
95.821,1306,0,0,0,0,0,0,0,0,0,0,0,0,0,0,0,0,
95.911,1307,0,0,0,0,0,0,0,0,0,0,0,0,0,0,0,0,
95.977,1308,0,0,0,0,0,0,0,0,0,0,0,0,0,0,0,0,
96.045,1309,0,0,0,0,0,0,0,0,0,0,0,0,0,0,0,0,
96.111,1310,0,0,0,0,0,0,0,0,0,0,0,0,0,0,0,0,
96.170,1311,0,0,0,0,0,0,0,0,0,0,0,0,0,0,0,0,
96.235,1312,0,0,0,0,0,0,0,0,0,0,0,0,0,0,0,0,
96.306,1313,0,0,0,0,0,0,0,0,0,0,0,0,0,0,0,0,
96.374,1314,0,0,0,0,0,0,0,0,0,0,0,0,0,0,0,0,
96.440,1315,0,0,0,0,0,0,0,0,0,0,0,0,0,0,0,0,
96.505,1316,0,0,0,0,0,0,0,0,0,0,0,0,0,0,0,0,
96.570,1317,0,0,0,0,0,0,0,0,0,0,0,0,0,0,0,0,
96.651,1318,0,0,0,0,0,0,0,0,0,0,0,0,0,0,0,0,
96.721,1319,0,0,0,0,0,0,0,0,0,0,0,0,0,0,0,0,
96.786,1320,0,0,0,0,0,0,0,0,0,0,0,0,0,0,0,0,
96.854,1321,0,0,0,0,0,0,0,0,0,0,0,0,0,0,0,0,
96.919,1322,0,0,0,0,0,0,0,0,0,0,0,0,0,0,0,0,
96.984,1323,0,0,0,0,0,0,0,0,0,0,0,0,0,0,0,0,
97.047,1324,0,0,0,0,0,0,0,0,0,0,0,0,0,0,0,0,
97.111,1325,0,0,0,0,0,0,0,0,0,0,0,0,0,0,0,0,
97.172,1326,0,0,0,0,0,0,0,0,0,0,0,0,0,0,0,0,
97.231,1327,0,0,0,0,0,0,0,0,0,0,0,0,0,0,0,0,
97.304,1328,0,0,0,0,0,0,0,0,0,0,0,0,0,0,0,0,
97.368,1329,0,0,0,0,0,0,0,0,0,0,0,0,0,0,0,0,
97.432,1330,0,0,0,0,0,0,0,0,0,0,0,0,0,0,0,0,
97.498,1331,0,0,0,0,0,0,0,0,0,0,0,0,0,0,0,0,
97.563,1332,0,0,0,0,0,0,0,0,0,0,0,0,0,0,0,0,
97.632,1333,0,0,0,0,0,0,0,0,0,0,0,0,0,0,0,0,
97.694,1334,0,0,0,0,0,0,0,0,0,0,0,0,0,0,0,0,
97.760,1335,0,0,0,0,0,0,0,0,0,0,0,0,0,0,0,0,
97.822,1336,0,0,0,0,0,0,0,0,0,0,0,0,0,0,0,0,
97.890,1337,0,0,0,0,0,0,0,0,0,0,0,0,0,0,0,0,
97.958,1338,0,0,0,0,0,0,0,0,0,0,0,0,0,0,0,0,
98.041,1339,0,0,0,0,0,0,0,0,0,0,0,0,0,0,0,0,
98.108,1340,0,0,0,0,0,0,0,0,0,0,0,0,0,0,0,0,
98.176,1341,0,0,0,0,0,0,0,0,0,0,0,0,0,0,0,0,
98.242,1342,0,0,0,0,0,0,0,0,0,0,0,0,0,0,0,0,
98.303,1343,0,0,0,0,0,0,0,0,0,0,0,0,0,0,0,0,
98.368,1344,0,0,0,0,0,0,0,0,0,0,0,0,0,0,0,0,
98.427,1345,0,0,0,0,0,0,0,0,0,0,0,0,0,0,0,0,
98.493,1346,0,0,0,0,0,0,0,0,0,0,0,0,0,0,0,0,
98.554,1347,0,0,0,0,0,0,0,0,0,0,0,0,0,0,0,0,
98.618,1348,0,0,0,0,0,0,0,0,0,0,0,0,0,0,0,0,
98.687,1349,0,0,0,0,0,0,0,0,0,0,0,0,0,0,0,0,
98.764,1350,0,0,0,0,0,0,0,0,0,0,0,0,0,0,0,0,
98.885,1351,0,0,0,0,0,0,0,0,0,0,0,0,0,0,0,0,
98.945,1352,0,0,0,0,0,0,0,0,0,0,0,0,0,0,0,0,
99.113,1353,0,0,0,0,0,0,0,0,0,0,0,0,0,0,0,0,
99.173,1354,0,0,0,0,0,0,0,0,0,0,0,0,0,0,0,0,
99.229,1355,0,0,0,0,0,0,0,0,0,0,0,0,0,0,0,0,
99.295,1356,0,0,0,0,0,0,0,0,0,0,0,0,0,0,0,0,
99.360,1357,0,0,0,0,0,0,0,0,0,0,0,0,0,0,0,0,
99.426,1358,0,0,0,0,0,0,0,0,0,0,0,0,0,0,0,0,
99.476,1359,0,0,0,0,0,0,0,0,0,0,0,0,0,0,0,0,
99.530,1360,0,0,0,0,0,0,0,0,0,0,0,0,0,0,0,0,
99.592,1361,0,0,0,0,0,0,0,0,0,0,0,0,0,0,0,0,
99.661,1362,0,0,0,0,0,0,0,0,0,0,0,0,0,0,0,0,
99.727,1363,0,0,0,0,0,0,0,0,0,0,0,0,0,0,0,0,
99.790,1364,0,0,0,0,0,0,0,0,0,0,0,0,0,0,0,0,
99.858,1365,0,0,0,0,0,0,0,0,0,0,0,0,0,0,0,0,
99.925,1366,0,0,0,0,0,0,0,0,0,0,0,0,0,0,0,0,
99.993,1367,0,0,0,0,0,0,0,0,0,0,0,0,0,0,0,0,
100.056,1368,0,0,0,0,0,0,0,0,0,0,0,0,0,0,0,0,
100.123,1369,0,0,0,0,0,0,0,0,0,0,0,0,0,0,0,0,
100.188,1370,0,0,0,0,0,0,0,0,0,0,0,0,0,0,0,0,
100.254,1371,0,0,0,0,0,0,0,0,0,0,0,0,0,0,0,0,
100.321,1372,0,0,0,0,0,0,0,0,0,0,0,0,0,0,0,0,
100.386,1373,0,0,0,0,0,0,0,0,0,0,0,0,0,0,0,0,
100.451,1374,0,0,0,0,0,0,0,0,0,0,0,0,0,0,0,0,
100.517,1375,0,0,0,0,0,0,0,0,0,0,0,0,0,0,0,0,
100.578,1376,0,0,0,0,0,0,0,0,0,0,0,0,0,0,0,0,
100.647,1377,0,0,0,0,0,0,0,0,0,0,0,0,0,0,0,0,
100.717,1378,0,0,0,0,0,0,0,0,0,0,0,0,0,0,0,0,
100.784,1379,0,0,0,0,0,0,0,0,0,0,0,0,0,0,0,0,
100.852,1380,0,0,0,0,0,0,0,0,0,0,0,0,0,0,0,0,
100.937,1381,0,0,0,0,0,0,0,0,0,0,0,0,0,0,0,0,
100.997,1382,0,0,0,0,0,0,0,0,0,0,0,0,0,0,0,0,
101.059,1383,0,0,0,0,0,0,0,0,0,0,0,0,0,0,0,0,
101.125,1384,0,0,0,0,0,0,0,0,0,0,0,0,0,0,0,0,
101.182,1385,0,0,0,0,0,0,0,0,0,0,0,0,0,0,0,0,
101.247,1386,0,0,0,0,0,0,0,0,0,0,0,0,0,0,0,0,
101.313,1387,0,0,0,0,0,0,0,0,0,0,0,0,0,0,0,0,
101.377,1388,0,0,0,0,0,0,0,0,0,0,0,0,0,0,0,0,
101.443,1389,0,0,0,0,0,0,0,0,0,0,0,0,0,0,0,0,
101.507,1390,0,0,0,0,0,0,0,0,0,0,0,0,0,0,0,0,
101.573,1391,0,0,0,0,0,0,0,0,0,0,0,0,0,0,0,0,
101.635,1392,0,0,0,0,0,0,0,0,0,0,0,0,0,0,0,0,
101.698,1393,0,0,0,0,0,0,0,0,0,0,0,0,0,0,0,0,
101.769,1394,0,0,0,0,0,0,0,0,0,0,0,0,0,0,0,0,
101.839,1395,0,0,0,0,0,0,0,0,0,0,0,0,0,0,0,0,
101.903,1396,0,0,0,0,0,0,0,0,0,0,0,0,0,0,0,0,
101.982,1397,0,0,0,0,0,0,0,0,0,0,0,0,0,0,0,0,
102.057,1398,0,0,0,0,0,0,0,0,0,0,0,0,0,0,0,0,
102.125,1399,0,0,0,0,0,0,0,0,0,0,0,0,0,0,0,0,
102.196,1400,0,0,0,0,0,0,0,0,0,0,0,0,0,0,0,0,
102.265,1401,0,0,0,0,0,0,0,0,0,0,0,0,0,0,0,0,
102.330,1402,0,0,0,0,0,0,0,0,0,0,0,0,0,0,0,0,
102.397,1403,0,0,0,0,0,0,0,0,0,0,0,0,0,0,0,0,
102.464,1404,0,0,0,0,0,0,0,0,0,0,0,0,0,0,0,0,
102.532,1405,0,0,0,0,0,0,0,0,0,0,0,0,0,0,0,0,
102.604,1406,0,0,0,0,0,0,0,0,0,0,0,0,0,0,0,0,
102.669,1407,0,0,0,0,0,0,0,0,0,0,0,0,0,0,0,0,
102.732,1408,0,0,0,0,0,0,0,0,0,0,0,0,0,0,0,0,
102.802,1409,0,0,0,0,0,0,0,0,0,0,0,0,0,0,0,0,
102.871,1410,0,0,0,0,0,0,0,0,0,0,0,0,0,0,0,0,
102.933,1411,0,0,0,0,0,0,0,0,0,0,0,0,0,0,0,0,
103.016,1412,0,0,0,0,0,0,0,0,0,0,0,0,0,0,0,0,
103.087,1413,0,0,0,0,0,0,0,0,0,0,0,0,0,0,0,0,
103.153,1414,0,0,0,0,0,0,0,0,0,0,0,0,0,0,0,0,
103.215,1415,0,0,0,0,0,0,0,0,0,0,0,0,0,0,0,0,
103.288,1416,0,0,0,0,0,0,0,0,0,0,0,0,0,0,0,0,
103.354,1417,0,0,0,0,0,0,0,0,0,0,0,0,0,0,0,0,
103.420,1418,0,0,0,0,0,0,0,0,0,0,0,0,0,0,0,0,
103.492,1419,0,0,0,0,0,0,0,0,0,0,0,0,0,0,0,0,
103.554,1420,0,0,0,0,0,0,0,0,0,0,0,0,0,0,0,0,
103.626,1421,0,0,0,0,0,0,0,0,0,0,0,0,0,0,0,0,
103.693,1422,0,0,0,0,0,0,0,0,0,0,0,0,0,0,0,0,
103.759,1423,0,0,0,0,0,0,0,0,0,0,0,0,0,0,0,0,
103.829,1424,0,0,0,0,0,0,0,0,0,0,0,0,0,0,0,0,
103.896,1425,0,0,0,0,0,0,0,0,0,0,0,0,0,0,0,0,
103.960,1426,0,0,0,0,0,0,0,0,0,0,0,0,0,0,0,0,
104.134,1427,0,0,0,0,0,0,0,0,0,0,0,0,0,0,0,0,
104.207,1428,0,0,0,0,0,0,0,0,0,0,0,0,0,0,0,0,
104.273,1429,0,0,0,0,0,0,0,0,0,0,0,0,0,0,0,0,
104.341,1430,0,0,0,0,0,0,0,0,0,0,0,0,0,0,0,0,
104.408,1431,0,0,0,0,0,0,0,0,0,0,0,0,0,0,0,0,
104.472,1432,0,0,0,0,0,0,0,0,0,0,0,0,0,0,0,0,
104.538,1433,0,0,0,0,0,0,0,0,0,0,0,0,0,0,0,0,
104.606,1434,0,0,0,0,0,0,0,0,0,0,0,0,0,0,0,0,
104.672,1435,0,0,0,0,0,0,0,0,0,0,0,0,0,0,0,0,
104.745,1436,0,0,0,0,0,0,0,0,0,0,0,0,0,0,0,0,
104.817,1437,0,0,0,0,0,0,0,0,0,0,0,0,0,0,0,0,
104.888,1438,0,0,0,0,0,0,0,0,0,0,0,0,0,0,0,0,
104.950,1439,0,0,0,0,0,0,0,0,0,0,0,0,0,0,0,0,
105.017,1440,0,0,0,0,0,0,0,0,0,0,0,0,0,0,0,0,
105.087,1441,0,0,0,0,0,0,0,0,0,0,0,0,0,0,0,0,
105.149,1442,0,0,0,0,0,0,0,0,0,0,0,0,0,0,0,0,
105.206,1443,0,0,0,0,0,0,0,0,0,0,0,0,0,0,0,0,
105.271,1444,0,0,0,0,0,0,0,0,0,0,0,0,0,0,0,0,
105.338,1445,0,0,0,0,0,0,0,0,0,0,0,0,0,0,0,0,
105.405,1446,0,0,0,0,0,0,0,0,0,0,0,0,0,0,0,0,
105.465,1447,0,0,0,0,0,0,0,0,0,0,0,0,0,0,0,0,
105.534,1448,0,0,0,0,0,0,0,0,0,0,0,0,0,0,0,0,
105.596,1449,0,0,0,0,0,0,0,0,0,0,0,0,0,0,0,0,
105.660,1450,0,0,0,0,0,0,0,0,0,0,0,0,0,0,0,0,
105.722,1451,0,0,0,0,0,0,0,0,0,0,0,0,0,0,0,0,
105.797,1452,0,0,0,0,0,0,0,0,0,0,0,0,0,0,0,0,
105.865,1453,0,0,0,0,0,0,0,0,0,0,0,0,0,0,0,0,
105.929,1454,0,0,0,0,0,0,0,0,0,0,0,0,0,0,0,0,
106.021,1455,0,0,0,0,0,0,0,0,0,0,0,0,0,0,0,0,
106.087,1456,0,0,0,0,0,0,0,0,0,0,0,0,0,0,0,0,
106.216,1457,0,0,0,0,0,0,0,0,0,0,0,0,0,0,0,0,
106.288,1458,0,0,0,0,0,0,0,0,0,0,0,0,0,0,0,0,
106.353,1459,0,0,0,0,0,0,0,0,0,0,0,0,0,0,0,0,
106.415,1460,0,0,0,0,0,0,0,0,0,0,0,0,0,0,0,0,
106.483,1461,0,0,0,0,0,0,0,0,0,0,0,0,0,0,0,0,
106.550,1462,0,0,0,0,0,0,0,0,0,0,0,0,0,0,0,0,
106.618,1463,0,0,0,0,0,0,0,0,0,0,0,0,0,0,0,0,
106.680,1464,0,0,0,0,0,0,0,0,0,0,0,0,0,0,0,0,
106.741,1465,0,0,0,0,0,0,0,0,0,0,0,0,0,0,0,0,
106.808,1466,0,0,0,0,0,0,0,0,0,0,0,0,0,0,0,0,
106.877,1467,0,0,0,0,0,0,0,0,0,0,0,0,0,0,0,0,
106.942,1468,0,0,0,0,0,0,0,0,0,0,0,0,0,0,0,0,
107.005,1469,0,0,0,0,0,0,0,0,0,0,0,0,0,0,0,0,
107.075,1470,0,0,0,0,0,0,0,0,0,0,0,0,0,0,0,0,
107.137,1471,0,0,0,0,0,0,0,0,0,0,0,0,0,0,0,0,
107.196,1472,0,0,0,0,0,0,0,0,0,0,0,0,0,0,0,0,
107.259,1473,0,0,0,0,0,0,0,0,0,0,0,0,0,0,0,0,
107.324,1474,0,0,0,0,0,0,0,0,0,0,0,0,0,0,0,0,
107.390,1475,0,0,0,0,0,0,0,0,0,0,0,0,0,0,0,0,
107.457,1476,0,0,0,0,0,0,0,0,0,0,0,0,0,0,0,0,
107.529,1477,0,0,0,0,0,0,0,0,0,0,0,0,0,0,0,0,
107.599,1478,0,0,0,0,0,0,0,0,0,0,0,0,0,0,0,0,
107.662,1479,0,0,0,0,0,0,0,0,0,0,0,0,0,0,0,0,
107.722,1480,0,0,0,0,0,0,0,0,0,0,0,0,0,0,0,0,
107.788,1481,0,0,0,0,0,0,0,0,0,0,0,0,0,0,0,0,
107.854,1482,0,0,0,0,0,0,0,0,0,0,0,0,0,0,0,0,
107.919,1483,0,0,0,0,0,0,0,0,0,0,0,0,0,0,0,0,
107.982,1484,0,0,0,0,0,0,0,0,0,0,0,0,0,0,0,0,
108.046,1485,0,0,0,0,0,0,0,0,0,0,0,0,0,0,0,0,
108.112,1486,0,0,0,0,0,0,0,0,0,0,0,0,0,0,0,0,
108.171,1487,0,0,0,0,0,0,0,0,0,0,0,0,0,0,0,0,
108.231,1488,0,0,0,0,0,0,0,0,0,0,0,0,0,0,0,0,
108.291,1489,0,0,0,0,0,0,0,0,0,0,0,0,0,0,0,0,
108.354,1490,0,0,0,0,0,0,0,0,0,0,0,0,0,0,0,0,
108.413,1491,0,0,0,0,0,0,0,0,0,0,0,0,0,0,0,0,
108.477,1492,0,0,0,0,0,0,0,0,0,0,0,0,0,0,0,0,
108.533,1493,0,0,0,0,0,0,0,0,0,0,0,0,0,0,0,0,
108.595,1494,0,0,0,0,0,0,0,0,0,0,0,0,0,0,0,0,
108.654,1495,0,0,0,0,0,0,0,0,0,0,0,0,0,0,0,0,
108.721,1496,0,0,0,0,0,0,0,0,0,0,0,0,0,0,0,0,
108.785,1497,0,0,0,0,0,0,0,0,0,0,0,0,0,0,0,0,
108.855,1498,0,0,0,0,0,0,0,0,0,0,0,0,0,0,0,0,
108.924,1499,0,0,0,0,0,0,0,0,0,0,0,0,0,0,0,0,
109.037,1500,0,0,0,0,0,0,0,0,0,0,0,0,0,0,0,0,
109.113,1501,0,0,0,0,0,0,0,0,0,0,0,0,0,0,0,0,
109.178,1502,0,0,0,0,0,0,0,0,0,0,0,0,0,0,0,0,
109.246,1503,0,0,0,0,0,0,0,0,0,0,0,0,0,0,0,0,
109.313,1504,0,0,0,0,0,0,0,0,0,0,0,0,0,0,0,0,
109.377,1505,0,0,0,0,0,0,0,0,0,0,0,0,0,0,0,0,
109.448,1506,0,0,0,0,0,0,0,0,0,0,0,0,0,0,0,0,
109.523,1507,0,0,0,0,0,0,0,0,0,0,0,0,0,0,0,0,
109.587,1508,0,0,0,0,0,0,0,0,0,0,0,0,0,0,0,0,
109.654,1509,0,0,0,0,0,0,0,0,0,0,0,0,0,0,0,0,
109.720,1510,0,0,0,0,0,0,0,0,0,0,0,0,0,0,0,0,
109.784,1511,0,0,0,0,0,0,0,0,0,0,0,0,0,0,0,0,
109.855,1512,0,0,0,0,0,0,0,0,0,0,0,0,0,0,0,0,
109.917,1513,0,0,0,0,0,0,0,0,0,0,0,0,0,0,0,0,
109.983,1514,0,0,0,0,0,0,0,0,0,0,0,0,0,0,0,0,
110.051,1515,0,0,0,0,0,0,0,0,0,0,0,0,0,0,0,0,
110.121,1516,0,0,0,0,0,0,0,0,0,0,0,0,0,0,0,0,
110.194,1517,0,0,0,0,0,0,0,0,0,0,0,0,0,0,0,0,
110.268,1518,0,0,0,0,0,0,0,0,0,0,0,0,0,0,0,0,
110.346,1519,0,0,0,0,0,0,0,0,0,0,0,0,0,0,0,0,
110.432,1520,0,0,0,0,0,0,0,0,0,0,0,0,0,0,0,0,
110.499,1521,0,0,0,0,0,0,0,0,0,0,0,0,0,0,0,0,
110.568,1522,0,0,0,0,0,0,0,0,0,0,0,0,0,0,0,0,
110.632,1523,0,0,0,0,0,0,0,0,0,0,0,0,0,0,0,0,
110.698,1524,0,0,0,0,0,0,0,0,0,0,0,0,0,0,0,0,
110.766,1525,0,0,0,0,0,0,0,0,0,0,0,0,0,0,0,0,
110.838,1526,0,0,0,0,0,0,0,0,0,0,0,0,0,0,0,0,
110.901,1527,0,0,0,0,0,0,0,0,0,0,0,0,0,0,0,0,
110.971,1528,0,0,0,0,0,0,0,0,0,0,0,0,0,0,0,0,
111.042,1529,0,0,0,0,0,0,0,0,0,0,0,0,0,0,0,0,
111.119,1530,0,0,0,0,0,0,0,0,0,0,0,0,0,0,0,0,
111.185,1531,0,0,0,0,0,0,0,0,0,0,0,0,0,0,0,0,
111.244,1532,0,0,0,0,0,0,0,0,0,0,0,0,0,0,0,0,
111.308,1533,0,0,0,0,0,0,0,0,0,0,0,0,0,0,0,0,
111.373,1534,0,0,0,0,0,0,0,0,0,0,0,0,0,0,0,0,
111.441,1535,0,0,0,0,0,0,0,0,0,0,0,0,0,0,0,0,
111.511,1536,0,0,0,0,0,0,0,0,0,0,0,0,0,0,0,0,
111.576,1537,0,0,0,0,0,0,0,0,0,0,0,0,0,0,0,0,
111.644,1538,0,0,0,0,0,0,0,0,0,0,0,0,0,0,0,0,
111.712,1539,0,0,0,0,0,0,0,0,0,0,0,0,0,0,0,0,
111.779,1540,0,0,0,0,0,0,0,0,0,0,0,0,0,0,0,0,
111.868,1541,0,0,0,0,0,0,0,0,0,0,0,0,0,0,0,0,
111.933,1542,0,0,0,0,0,0,0,0,0,0,0,0,0,0,0,0,
112.004,1543,0,0,0,0,0,0,0,0,0,0,0,0,0,0,0,0,
112.077,1544,0,0,0,0,0,0,0,0,0,0,0,0,0,0,0,0,
112.146,1545,0,0,0,0,0,0,0,0,0,0,0,0,0,0,0,0,
112.213,1546,0,0,0,0,0,0,0,0,0,0,0,0,0,0,0,0,
112.281,1547,0,0,0,0,0,0,0,0,0,0,0,0,0,0,0,0,
112.350,1548,0,0,0,0,0,0,0,0,0,0,0,0,0,0,0,0,
112.580,1549,0,0,0,0,0,0,0,0,0,0,0,0,0,0,0,0,
112.648,1550,0,0,0,0,0,0,0,0,0,0,0,0,0,0,0,0,
112.712,1551,0,0,0,0,0,0,0,0,0,0,0,0,0,0,0,0,
112.791,1552,0,0,0,0,0,0,0,0,0,0,0,0,0,0,0,0,
112.859,1553,0,0,0,0,0,0,0,0,0,0,0,0,0,0,0,0,
112.938,1554,0,0,0,0,0,0,0,0,0,0,0,0,0,0,0,0,
113.021,1555,0,0,0,0,0,0,0,0,0,0,0,0,0,0,0,0,
113.089,1556,0,0,0,0,0,0,0,0,0,0,0,0,0,0,0,0,
113.714,1557,0,0,0,0,0,0,0,0,0,0,0,0,0,0,0,0,
113.784,1558,0,0,0,0,0,0,0,0,0,0,0,0,0,0,0,0,
113.853,1559,0,0,0,0,0,0,0,0,0,0,0,0,0,0,0,0,
113.930,1560,0,0,0,0,0,0,0,0,0,0,0,0,0,0,0,0,
114.016,1561,0,0,0,0,0,0,0,0,0,0,0,0,0,0,0,0,
114.081,1562,0,0,0,0,0,0,0,0,0,0,0,0,0,0,0,0,
114.147,1563,0,0,0,0,0,0,0,0,0,0,0,0,0,0,0,0,
114.203,1564,0,0,0,0,0,0,0,0,0,0,0,0,0,0,0,0,
114.408,1565,0,0,0,0,0,0,0,0,0,0,0,0,0,0,0,0,
114.495,1566,0,0,0,0,0,0,0,0,0,0,0,0,0,0,0,0,
114.565,1567,0,0,0,0,0,0,0,0,0,0,0,0,0,0,0,0,
114.627,1568,0,0,0,0,0,0,0,0,0,0,0,0,0,0,0,0,
114.692,1569,0,0,0,0,0,0,0,0,0,0,0,0,0,0,0,0,
114.760,1570,0,0,0,0,0,0,0,0,0,0,0,0,0,0,0,0,
114.824,1571,0,0,0,0,0,0,0,0,0,0,0,0,0,0,0,0,
114.892,1572,0,0,0,0,0,0,0,0,0,0,0,0,0,0,0,0,
114.961,1573,0,0,0,0,0,0,0,0,0,0,0,0,0,0,0,0,
115.031,1574,0,0,0,0,0,0,0,0,0,0,0,0,0,0,0,0,
115.103,1575,0,0,0,0,0,0,0,0,0,0,0,0,0,0,0,0,
115.168,1576,0,0,0,0,0,0,0,0,0,0,0,0,0,0,0,0,
115.226,1577,0,0,0,0,0,0,0,0,0,0,0,0,0,0,0,0,
115.282,1578,0,0,0,0,0,0,0,0,0,0,0,0,0,0,0,0,
115.348,1579,0,0,0,0,0,0,0,0,0,0,0,0,0,0,0,0,
115.413,1580,0,0,0,0,0,0,0,0,0,0,0,0,0,0,0,0,
115.476,1581,0,0,0,0,0,0,0,0,0,0,0,0,0,0,0,0,
115.541,1582,0,0,0,0,0,0,0,0,0,0,0,0,0,0,0,0,
115.605,1583,0,0,0,0,0,0,0,0,0,0,0,0,0,0,0,0,
115.670,1584,0,0,0,0,0,0,0,0,0,0,0,0,0,0,0,0,
115.734,1585,0,0,0,0,0,0,0,0,0,0,0,0,0,0,0,0,
115.799,1586,0,0,0,0,0,0,0,0,0,0,0,0,0,0,0,0,
115.874,1587,0,0,0,0,0,0,0,0,0,0,0,0,0,0,0,0,
115.941,1588,0,0,0,0,0,0,0,0,0,0,0,0,0,0,0,0,
116.006,1589,0,0,0,0,0,0,0,0,0,0,0,0,0,0,0,0,
116.068,1590,0,0,0,0,0,0,0,0,0,0,0,0,0,0,0,0,
116.141,1591,0,0,0,0,0,0,0,0,0,0,0,0,0,0,0,0,
116.213,1592,0,0,0,0,0,0,0,0,0,0,0,0,0,0,0,0,
116.280,1593,0,0,0,0,0,0,0,0,0,0,0,0,0,0,0,0,
116.348,1594,0,0,0,0,0,0,0,0,0,0,0,0,0,0,0,0,
116.416,1595,0,0,0,0,0,0,0,0,0,0,0,0,0,0,0,0,
116.482,1596,0,0,0,0,0,0,0,0,0,0,0,0,0,0,0,0,
116.548,1597,0,0,0,0,0,0,0,0,0,0,0,0,0,0,0,0,
116.617,1598,0,0,0,0,0,0,0,0,0,0,0,0,0,0,0,0,
116.684,1599,0,0,0,0,0,0,0,0,0,0,0,0,0,0,0,0,
116.754,1600,0,0,0,0,0,0,0,0,0,0,0,0,0,0,0,0,
116.818,1601,0,0,0,0,0,0,0,0,0,0,0,0,0,0,0,0,
116.883,1602,0,0,0,0,0,0,0,0,0,0,0,0,0,0,0,0,
116.953,1603,0,0,0,0,0,0,0,0,0,0,0,0,0,0,0,0,
117.020,1604,0,0,0,0,0,0,0,0,0,0,0,0,0,0,0,0,
117.082,1605,0,0,0,0,0,0,0,0,0,0,0,0,0,0,0,0,
117.147,1606,0,0,0,0,0,0,0,0,0,0,0,0,0,0,0,0,
117.205,1607,0,0,0,0,0,0,0,0,0,0,0,0,0,0,0,0,
117.268,1608,0,0,0,0,0,0,0,0,0,0,0,0,0,0,0,0,
117.331,1609,0,0,0,0,0,0,0,0,0,0,0,0,0,0,0,0,
117.393,1610,0,0,0,0,0,0,0,0,0,0,0,0,0,0,0,0,
117.457,1611,0,0,0,0,0,0,0,0,0,0,0,0,0,0,0,0,
117.524,1612,0,0,0,0,0,0,0,0,0,0,0,0,0,0,0,0,
117.591,1613,0,0,0,0,0,0,0,0,0,0,0,0,0,0,0,0,
117.655,1614,0,0,0,0,0,0,0,0,0,0,0,0,0,0,0,0,
117.718,1615,0,0,0,0,0,0,0,0,0,0,0,0,0,0,0,0,
117.780,1616,0,0,0,0,0,0,0,0,0,0,0,0,0,0,0,0,
117.847,1617,0,0,0,0,0,0,0,0,0,0,0,0,0,0,0,0,
117.910,1618,0,0,0,0,0,0,0,0,0,0,0,0,0,0,0,0,
117.980,1619,0,0,0,0,0,0,0,0,0,0,0,0,0,0,0,0,
118.077,1620,0,0,0,0,0,0,0,0,0,0,0,0,0,0,0,0,
118.141,1621,0,0,0,0,0,0,0,0,0,0,0,0,0,0,0,0,
118.206,1622,0,0,0,0,0,0,0,0,0,0,0,0,0,0,0,0,
118.266,1623,0,0,0,0,0,0,0,0,0,0,0,0,0,0,0,0,
118.331,1624,0,0,0,0,0,0,0,0,0,0,0,0,0,0,0,0,
118.395,1625,0,0,0,0,0,0,0,0,0,0,0,0,0,0,0,0,
118.463,1626,0,0,0,0,0,0,0,0,0,0,0,0,0,0,0,0,
118.552,1627,0,0,0,0,0,0,0,0,0,0,0,0,0,0,0,0,
118.650,1628,0,0,0,0,0,0,0,0,0,0,0,0,0,0,0,0,
118.711,1629,0,0,0,0,0,0,0,0,0,0,0,0,0,0,0,0,
118.778,1630,0,0,0,0,0,0,0,0,0,0,0,0,0,0,0,0,
118.848,1631,0,0,0,0,0,0,0,0,0,0,0,0,0,0,0,0,
118.913,1632,0,0,0,0,0,0,0,0,0,0,0,0,0,0,0,0,
119.065,1633,0,0,0,0,0,0,0,0,0,0,0,0,0,0,0,0,
119.131,1634,0,0,0,0,0,0,0,0,0,0,0,0,0,0,0,0,
119.187,1635,0,0,0,0,0,0,0,0,0,0,0,0,0,0,0,0,
119.258,1636,0,0,0,0,0,0,0,0,0,0,0,0,0,0,0,0,
119.322,1637,0,0,0,0,0,0,0,0,0,0,0,0,0,0,0,0,
119.390,1638,0,0,0,0,0,0,0,0,0,0,0,0,0,0,0,0,
119.468,1639,0,0,0,0,0,0,0,0,0,0,0,0,0,0,0,0,
119.533,1640,0,0,0,0,0,0,0,0,0,0,0,0,0,0,0,0,
119.605,1641,0,0,0,0,0,0,0,0,0,0,0,0,0,0,0,0,
119.672,1642,0,0,0,0,0,0,0,0,0,0,0,0,0,0,0,0,
119.738,1643,0,0,0,0,0,0,0,0,0,0,0,0,0,0,0,0,
119.806,1644,0,0,0,0,0,0,0,0,0,0,0,0,0,0,0,0,
119.875,1645,0,0,0,0,0,0,0,0,0,0,0,0,0,0,0,0,
119.940,1646,0,0,0,0,0,0,0,0,0,0,0,0,0,0,0,0,
120.010,1647,0,0,0,0,0,0,0,0,0,0,0,0,0,0,0,0,
120.075,1648,0,0,0,0,0,0,0,0,0,0,0,0,0,0,0,0,
120.148,1649,0,0,0,0,0,0,0,0,0,0,0,0,0,0,0,0,
120.211,1650,0,0,0,0,0,0,0,0,0,0,0,0,0,0,0,0,
120.335,1651,0,0,0,0,0,0,0,0,0,0,0,0,0,0,0,0,
120.402,1652,0,0,0,0,0,0,0,0,0,0,0,0,0,0,0,0,
120.470,1653,0,0,0,0,0,0,0,0,0,0,0,0,0,0,0,0,
120.545,1654,0,0,0,0,0,0,0,0,0,0,0,0,0,0,0,0,
120.610,1655,0,0,0,0,0,0,0,0,0,0,0,0,0,0,0,0,
120.681,1656,0,0,0,0,0,0,0,0,0,0,0,0,0,0,0,0,
120.748,1657,0,0,0,0,0,0,0,0,0,0,0,0,0,0,0,0,
120.814,1658,0,0,0,0,0,0,0,0,0,0,0,0,0,0,0,0,
120.885,1659,0,0,0,0,0,0,0,0,0,0,0,0,0,0,0,0,
120.951,1660,0,0,0,0,0,0,0,0,0,0,0,0,0,0,0,0,
121.024,1661,0,0,0,0,0,0,0,0,0,0,0,0,0,0,0,0,
121.089,1662,0,0,0,0,0,0,0,0,0,0,0,0,0,0,0,0,
121.155,1663,0,0,0,0,0,0,0,0,0,0,0,0,0,0,0,0,
121.223,1664,0,0,0,0,0,0,0,0,0,0,0,0,0,0,0,0,
121.301,1665,0,0,0,0,0,0,0,0,0,0,0,0,0,0,0,0,
121.368,1666,0,0,0,0,0,0,0,0,0,0,0,0,0,0,0,0,
121.444,1667,0,0,0,0,0,0,0,0,0,0,0,0,0,0,0,0,
121.516,1668,0,0,0,0,0,0,0,0,0,0,0,0,0,0,0,0,
121.580,1669,0,0,0,0,0,0,0,0,0,0,0,0,0,0,0,0,
121.651,1670,0,0,0,0,0,0,0,0,0,0,0,0,0,0,0,0,
121.713,1671,0,0,0,0,0,0,0,0,0,0,0,0,0,0,0,0,
121.798,1672,0,0,0,0,0,0,0,0,0,0,0,0,0,0,0,0,
121.863,1673,0,0,0,0,0,0,0,0,0,0,0,0,0,0,0,0,
121.930,1674,0,0,0,0,0,0,0,0,0,0,0,0,0,0,0,0,
121.995,1675,0,0,0,0,0,0,0,0,0,0,0,0,0,0,0,0,
122.067,1676,0,0,0,0,0,0,0,0,0,0,0,0,0,0,0,0,
122.137,1677,0,0,0,0,0,0,0,0,0,0,0,0,0,0,0,0,
122.202,1678,0,0,0,0,0,0,0,0,0,0,0,0,0,0,0,0,
122.268,1679,0,0,0,0,0,0,0,0,0,0,0,0,0,0,0,0,
122.332,1680,0,0,0,0,0,0,0,0,0,0,0,0,0,0,0,0,
122.400,1681,0,0,0,0,0,0,0,0,0,0,0,0,0,0,0,0,
122.465,1682,0,0,0,0,0,0,0,0,0,0,0,0,0,0,0,0,
122.528,1683,0,0,0,0,0,0,0,0,0,0,0,0,0,0,0,0,
122.590,1684,0,0,0,0,0,0,0,0,0,0,0,0,0,0,0,0,
122.654,1685,0,0,0,0,0,0,0,0,0,0,0,0,0,0,0,0,
122.717,1686,0,0,0,0,0,0,0,0,0,0,0,0,0,0,0,0,
122.785,1687,0,0,0,0,0,0,0,0,0,0,0,0,0,0,0,0,
122.849,1688,0,0,0,0,0,0,0,0,0,0,0,0,0,0,0,0,
122.912,1689,0,0,0,0,0,0,0,0,0,0,0,0,0,0,0,0,
122.978,1690,0,0,0,0,0,0,0,0,0,0,0,0,0,0,0,0,
123.051,1691,0,0,0,0,0,0,0,0,0,0,0,0,0,0,0,0,
123.112,1692,0,0,0,0,0,0,0,0,0,0,0,0,0,0,0,0,
123.170,1693,0,0,0,0,0,0,0,0,0,0,0,0,0,0,0,0,
123.228,1694,0,0,0,0,0,0,0,0,0,0,0,0,0,0,0,0,
123.292,1695,0,0,0,0,0,0,0,0,0,0,0,0,0,0,0,0,
123.356,1696,0,0,0,0,0,0,0,0,0,0,0,0,0,0,0,0,
123.417,1697,0,0,0,0,0,0,0,0,0,0,0,0,0,0,0,0,
123.478,1698,0,0,0,0,0,0,0,0,0,0,0,0,0,0,0,0,
123.551,1699,0,0,0,0,0,0,0,0,0,0,0,0,0,0,0,0,
123.612,1700,0,0,0,0,0,0,0,0,0,0,0,0,0,0,0,0,
123.675,1701,0,0,0,0,0,0,0,0,0,0,0,0,0,0,0,0,
123.736,1702,0,0,0,0,0,0,0,0,0,0,0,0,0,0,0,0,
123.799,1703,0,0,0,0,0,0,0,0,0,0,0,0,0,0,0,0,
123.862,1704,0,0,0,0,0,0,0,0,0,0,0,0,0,0,0,0,
123.924,1705,0,0,0,0,0,0,0,0,0,0,0,0,0,0,0,0,
124.051,1706,0,0,0,0,0,0,0,0,0,0,0,0,0,0,0,0,
124.116,1707,0,0,0,0,0,0,0,0,0,0,0,0,0,0,0,0,
124.189,1708,0,0,0,0,0,0,0,0,0,0,0,0,0,0,0,0,
124.250,1709,0,0,0,0,0,0,0,0,0,0,0,0,0,0,0,0,
124.318,1710,0,0,0,0,0,0,0,0,0,0,0,0,0,0,0,0,
124.387,1711,0,0,0,0,0,0,0,0,0,0,0,0,0,0,0,0,
124.450,1712,0,0,0,0,0,0,0,0,0,0,0,0,0,0,0,0,
124.552,1713,0,0,0,0,0,0,0,0,0,0,0,0,0,0,0,0,
124.619,1714,0,0,0,0,0,0,0,0,0,0,0,0,0,0,0,0,
124.686,1715,0,0,0,0,0,0,0,0,0,0,0,0,0,0,0,0,
124.750,1716,0,0,0,0,0,0,0,0,0,0,0,0,0,0,0,0,
124.820,1717,0,0,0,0,0,0,0,0,0,0,0,0,0,0,0,0,
124.873,1718,0,0,0,0,0,0,0,0,0,0,0,0,0,0,0,0,
124.926,1719,0,0,0,0,0,0,0,0,0,0,0,0,0,0,0,0,
125.000,1720,0,0,0,0,0,0,0,0,0,0,0,0,0,0,0,0,
125.058,1721,0,0,0,0,0,0,0,0,0,0,0,0,0,0,0,0,
125.123,1722,0,0,0,0,0,0,0,0,0,0,0,0,0,0,0,0,
125.179,1723,0,0,0,0,0,0,0,0,0,0,0,0,0,0,0,0,
125.238,1724,0,0,0,0,0,0,0,0,0,0,0,0,0,0,0,0,
125.302,1725,0,0,0,0,0,0,0,0,0,0,0,0,0,0,0,0,
125.368,1726,0,0,0,0,0,0,0,0,0,0,0,0,0,0,0,0,
125.435,1727,0,0,0,0,0,0,0,0,0,0,0,0,0,0,0,0,
125.495,1728,0,0,0,0,0,0,0,0,0,0,0,0,0,0,0,0,
125.552,1729,0,0,0,0,0,0,0,0,0,0,0,0,0,0,0,0,
125.606,1730,0,0,0,0,0,0,0,0,0,0,0,0,0,0,0,0,
125.674,1731,0,0,0,0,0,0,0,0,0,0,0,0,0,0,0,0,
125.742,1732,0,0,0,0,0,0,0,0,0,0,0,0,0,0,0,0,
125.830,1733,0,0,0,0,0,0,0,0,0,0,0,0,0,0,0,0,
125.910,1734,0,0,0,0,0,0,0,0,0,0,0,0,0,0,0,0,
125.976,1735,0,0,0,0,0,0,0,0,0,0,0,0,0,0,0,0,
126.043,1736,0,0,0,0,0,0,0,0,0,0,0,0,0,0,0,0,
126.114,1737,0,0,0,0,0,0,0,0,0,0,0,0,0,0,0,0,
126.180,1738,0,0,0,0,0,0,0,0,0,0,0,0,0,0,0,0,
126.251,1739,0,0,0,0,0,0,0,0,0,0,0,0,0,0,0,0,
126.348,1740,0,0,0,0,0,0,0,0,0,0,0,0,0,0,0,0,
126.414,1741,0,0,0,0,0,0,0,0,0,0,0,0,0,0,0,0,
126.481,1742,0,0,0,0,0,0,0,0,0,0,0,0,0,0,0,0,
126.548,1743,0,0,0,0,0,0,0,0,0,0,0,0,0,0,0,0,
126.622,1744,0,0,0,0,0,0,0,0,0,0,0,0,0,0,0,0,
126.689,1745,0,0,0,0,0,0,0,0,0,0,0,0,0,0,0,0,
126.767,1746,0,0,0,0,0,0,0,0,0,0,0,0,0,0,0,0,
126.839,1747,0,0,0,0,0,0,0,0,0,0,0,0,0,0,0,0,
126.905,1748,0,0,0,0,0,0,0,0,0,0,0,0,0,0,0,0,
126.969,1749,0,0,0,0,0,0,0,0,0,0,0,0,0,0,0,0,
127.034,1750,0,0,0,0,0,0,0,0,0,0,0,0,0,0,0,0,
127.098,1751,0,0,0,0,0,0,0,0,0,0,0,0,0,0,0,0,
127.168,1752,0,0,0,0,0,0,0,0,0,0,0,0,0,0,0,0,
127.230,1753,0,0,0,0,0,0,0,0,0,0,0,0,0,0,0,0,
127.299,1754,0,0,0,0,0,0,0,0,0,0,0,0,0,0,0,0,
127.365,1755,0,0,0,0,0,0,0,0,0,0,0,0,0,0,0,0,
127.488,1756,0,0,0,0,0,0,0,0,0,0,0,0,0,0,0,0,
127.557,1757,0,0,0,0,0,0,0,0,0,0,0,0,0,0,0,0,
127.622,1758,0,0,0,0,0,0,0,0,0,0,0,0,0,0,0,0,
127.686,1759,0,0,0,0,0,0,0,0,0,0,0,0,0,0,0,0,
127.752,1760,0,0,0,0,0,0,0,0,0,0,0,0,0,0,0,0,
127.817,1761,0,0,0,0,0,0,0,0,0,0,0,0,0,0,0,0,
127.883,1762,0,0,0,0,0,0,0,0,0,0,0,0,0,0,0,0,
127.949,1763,0,0,0,0,0,0,0,0,0,0,0,0,0,0,0,0,
128.015,1764,0,0,0,0,0,0,0,0,0,0,0,0,0,0,0,0,
128.072,1765,0,0,0,0,0,0,0,0,0,0,0,0,0,0,0,0,
128.150,1766,0,0,0,0,0,0,0,0,0,0,0,0,0,0,0,0,
128.211,1767,0,0,0,0,0,0,0,0,0,0,0,0,0,0,0,0,
128.272,1768,0,0,0,0,0,0,0,0,0,0,0,0,0,0,0,0,
128.336,1769,0,0,0,0,0,0,0,0,0,0,0,0,0,0,0,0,
128.401,1770,0,0,0,0,0,0,0,0,0,0,0,0,0,0,0,0,
128.465,1771,0,0,0,0,0,0,0,0,0,0,0,0,0,0,0,0,
128.525,1772,0,0,0,0,0,0,0,0,0,0,0,0,0,0,0,0,
128.588,1773,0,0,0,0,0,0,0,0,0,0,0,0,0,0,0,0,
128.655,1774,0,0,0,0,0,0,0,0,0,0,0,0,0,0,0,0,
128.720,1775,0,0,0,0,0,0,0,0,0,0,0,0,0,0,0,0,
128.783,1776,0,0,0,0,0,0,0,0,0,0,0,0,0,0,0,0,
128.851,1777,0,0,0,0,0,0,0,0,0,0,0,0,0,0,0,0,
128.913,1778,0,0,0,0,0,0,0,0,0,0,0,0,0,0,0,0,
129.060,1779,0,0,0,0,0,0,0,0,0,0,0,0,0,0,0,0,
129.126,1780,0,0,0,0,0,0,0,0,0,0,0,0,0,0,0,0,
129.189,1781,0,0,0,0,0,0,0,0,0,0,0,0,0,0,0,0,
129.250,1782,0,0,0,0,0,0,0,0,0,0,0,0,0,0,0,0,
129.315,1783,0,0,0,0,0,0,0,0,0,0,0,0,0,0,0,0,
129.377,1784,0,0,0,0,0,0,0,0,0,0,0,0,0,0,0,0,
129.442,1785,0,0,0,0,0,0,0,0,0,0,0,0,0,0,0,0,
129.507,1786,0,0,0,0,0,0,0,0,0,0,0,0,0,0,0,0,
129.593,1787,0,0,0,0,0,0,0,0,0,0,0,0,0,0,0,0,
129.659,1788,0,0,0,0,0,0,0,0,0,0,0,0,0,0,0,0,
129.727,1789,0,0,0,0,0,0,0,0,0,0,0,0,0,0,0,0,
129.793,1790,0,0,0,0,0,0,0,0,0,0,0,0,0,0,0,0,
129.859,1791,0,0,0,0,0,0,0,0,0,0,0,0,0,0,0,0,
129.929,1792,0,0,0,0,0,0,0,0,0,0,0,0,0,0,0,0,
129.998,1793,0,0,0,0,0,0,0,0,0,0,0,0,0,0,0,0,
130.062,1794,0,0,0,0,0,0,0,0,0,0,0,0,0,0,0,0,
130.129,1795,0,0,0,0,0,0,0,0,0,0,0,0,0,0,0,0,
130.201,1796,0,0,0,0,0,0,0,0,0,0,0,0,0,0,0,0,
130.270,1797,0,0,0,0,0,0,0,0,0,0,0,0,0,0,0,0,
130.338,1798,0,0,0,0,0,0,0,0,0,0,0,0,0,0,0,0,
130.406,1799,0,0,0,0,0,0,0,0,0,0,0,0,0,0,0,0,
130.484,1800,0,0,0,0,0,0,0,0,0,0,0,0,0,0,0,0,
130.557,1801,0,0,0,0,0,0,0,0,0,0,0,0,0,0,0,0,
130.637,1802,0,0,0,0,0,0,0,0,0,0,0,0,0,0,0,0,
130.710,1803,0,0,0,0,0,0,0,0,0,0,0,0,0,0,0,0,
130.789,1804,0,0,0,0,0,0,0,0,0,0,0,0,0,0,0,0,
130.867,1805,0,0,0,0,0,0,0,0,0,0,0,0,0,0,0,0,
130.942,1806,0,0,0,0,0,0,0,0,0,0,0,0,0,0,0,0,
131.027,1807,0,0,0,0,0,0,0,0,0,0,0,0,0,0,0,0,
131.102,1808,0,0,0,0,0,0,0,0,0,0,0,0,0,0,0,0,
131.175,1809,0,0,0,0,0,0,0,0,0,0,0,0,0,0,0,0,
131.249,1810,0,0,0,0,0,0,0,0,0,0,0,0,0,0,0,0,
131.327,1811,0,0,0,0,0,0,0,0,0,0,0,0,0,0,0,0,
131.429,1812,0,0,0,0,0,0,0,0,0,0,0,0,0,0,0,0,
131.512,1813,0,0,0,0,0,0,0,0,0,0,0,0,0,0,0,0,
131.581,1814,0,0,0,0,0,0,0,0,0,0,0,0,0,0,0,0,
131.656,1815,0,0,0,0,0,0,0,0,0,0,0,0,0,0,0,0,
131.727,1816,0,0,0,0,0,0,0,0,0,0,0,0,0,0,0,0,
131.809,1817,0,0,0,0,0,0,0,0,0,0,0,0,0,0,0,0,
131.888,1818,0,0,0,0,0,0,0,0,0,0,0,0,0,0,0,0,
131.960,1819,0,0,0,0,0,0,0,0,0,0,0,0,0,0,0,0,
132.040,1820,0,0,0,0,0,0,0,0,0,0,0,0,0,0,0,0,
132.117,1821,0,0,0,0,0,0,0,0,0,0,0,0,0,0,0,0,
132.196,1822,0,0,0,0,0,0,0,0,0,0,0,0,0,0,0,0,
132.279,1823,0,0,0,0,0,0,0,0,0,0,0,0,0,0,0,0,
132.351,1824,0,0,0,0,0,0,0,0,0,0,0,0,0,0,0,0,
132.429,1825,0,0,0,0,0,0,0,0,0,0,0,0,0,0,0,0,
132.508,1826,0,0,0,0,0,0,0,0,0,0,0,0,0,0,0,0,
132.586,1827,0,0,0,0,0,0,0,0,0,0,0,0,0,0,0,0,
132.653,1828,0,0,0,0,0,0,0,0,0,0,0,0,0,0,0,0,
132.719,1829,0,0,0,0,0,0,0,0,0,0,0,0,0,0,0,0,
132.781,1830,0,0,0,0,0,0,0,0,0,0,0,0,0,0,0,0,
132.842,1831,0,0,0,0,0,0,0,0,0,0,0,0,0,0,0,0,
132.911,1832,0,0,0,0,0,0,0,0,0,0,0,0,0,0,0,0,
132.977,1833,0,0,0,0,0,0,0,0,0,0,0,0,0,0,0,0,
133.036,1834,0,0,0,0,0,0,0,0,0,0,0,0,0,0,0,0,
133.101,1835,0,0,0,0,0,0,0,0,0,0,0,0,0,0,0,0,
133.162,1836,0,0,0,0,0,0,0,0,0,0,0,0,0,0,0,0,
133.219,1837,0,0,0,0,0,0,0,0,0,0,0,0,0,0,0,0,
133.285,1838,0,0,0,0,0,0,0,0,0,0,0,0,0,0,0,0,
133.345,1839,0,0,0,0,0,0,0,0,0,0,0,0,0,0,0,0,
133.408,1840,0,0,0,0,0,0,0,0,0,0,0,0,0,0,0,0,
133.470,1841,0,0,0,0,0,0,0,0,0,0,0,0,0,0,0,0,
133.535,1842,0,0,0,0,0,0,0,0,0,0,0,0,0,0,0,0,
133.599,1843,0,0,0,0,0,0,0,0,0,0,0,0,0,0,0,0,
133.660,1844,0,0,0,0,0,0,0,0,0,0,0,0,0,0,0,0,
133.720,1845,0,0,0,0,0,0,0,0,0,0,0,0,0,0,0,0,
133.780,1846,0,0,0,0,0,0,0,0,0,0,0,0,0,0,0,0,
133.842,1847,0,0,0,0,0,0,0,0,0,0,0,0,0,0,0,0,
133.905,1848,0,0,0,0,0,0,0,0,0,0,0,0,0,0,0,0,
134.008,1849,0,0,0,0,0,0,0,0,0,0,0,0,0,0,0,0,
134.069,1850,0,0,0,0,0,0,0,0,0,0,0,0,0,0,0,0,
134.130,1851,0,0,0,0,0,0,0,0,0,0,0,0,0,0,0,0,
134.180,1852,0,0,0,0,0,0,0,0,0,0,0,0,0,0,0,0,
134.245,1853,0,0,0,0,0,0,0,0,0,0,0,0,0,0,0,0,
134.308,1854,0,0,0,0,0,0,0,0,0,0,0,0,0,0,0,0,
134.370,1855,0,0,0,0,0,0,0,0,0,0,0,0,0,0,0,0,
134.441,1856,0,0,0,0,0,0,0,0,0,0,0,0,0,0,0,0,
134.507,1857,0,0,0,0,0,0,0,0,0,0,0,0,0,0,0,0,
134.629,1858,0,0,0,0,0,0,0,0,0,0,0,0,0,0,0,0,
134.691,1859,0,0,0,0,0,0,0,0,0,0,0,0,0,0,0,0,
134.760,1860,0,0,0,0,0,0,0,0,0,0,0,0,0,0,0,0,
134.825,1861,0,0,0,0,0,0,0,0,0,0,0,0,0,0,0,0,
134.890,1862,0,0,0,0,0,0,0,0,0,0,0,0,0,0,0,0,
134.953,1863,0,0,0,0,0,0,0,0,0,0,0,0,0,0,0,0,
135.024,1864,0,0,0,0,0,0,0,0,0,0,0,0,0,0,0,0,
135.086,1865,0,0,0,0,0,0,0,0,0,0,0,0,0,0,0,0,
135.155,1866,0,0,0,0,0,0,0,0,0,0,0,0,0,0,0,0,
135.213,1867,0,0,0,0,0,0,0,0,0,0,0,0,0,0,0,0,
135.285,1868,0,0,0,0,0,0,0,0,0,0,0,0,0,0,0,0,
135.351,1869,0,0,0,0,0,0,0,0,0,0,0,0,0,0,0,0,
135.421,1870,0,0,0,0,0,0,0,0,0,0,0,0,0,0,0,0,
135.490,1871,0,0,0,0,0,0,0,0,0,0,0,0,0,0,0,0,
135.565,1872,0,0,0,0,0,0,0,0,0,0,0,0,0,0,0,0,
135.635,1873,0,0,0,0,0,0,0,0,0,0,0,0,0,0,0,0,
135.705,1874,0,0,0,0,0,0,0,0,0,0,0,0,0,0,0,0,
135.770,1875,0,0,0,0,0,0,0,0,0,0,0,0,0,0,0,0,
135.835,1876,0,0,0,0,0,0,0,0,0,0,0,0,0,0,0,0,
135.900,1877,0,0,0,0,0,0,0,0,0,0,0,0,0,0,0,0,
135.970,1878,0,0,0,0,0,0,0,0,0,0,0,0,0,0,0,0,
136.040,1879,0,0,0,0,0,0,0,0,0,0,0,0,0,0,0,0,
136.104,1880,0,0,0,0,0,0,0,0,0,0,0,0,0,0,0,0,
136.168,1881,0,0,0,0,0,0,0,0,0,0,0,0,0,0,0,0,
136.232,1882,0,0,0,0,0,0,0,0,0,0,0,0,0,0,0,0,
136.304,1883,0,0,0,0,0,0,0,0,0,0,0,0,0,0,0,0,
136.368,1884,0,0,0,0,0,0,0,0,0,0,0,0,0,0,0,0,
136.456,1885,0,0,0,0,0,0,0,0,0,0,0,0,0,0,0,0,
136.530,1886,0,0,0,0,0,0,0,0,0,0,0,0,0,0,0,0,
136.596,1887,0,0,0,0,0,0,0,0,0,0,0,0,0,0,0,0,
136.659,1888,0,0,0,0,0,0,0,0,0,0,0,0,0,0,0,0,
136.723,1889,0,0,0,0,0,0,0,0,0,0,0,0,0,0,0,0,
136.797,1890,0,0,0,0,0,0,0,0,0,0,0,0,0,0,0,0,
136.862,1891,0,0,0,0,0,0,0,0,0,0,0,0,0,0,0,0,
136.932,1892,0,0,0,0,0,0,0,0,0,0,0,0,0,0,0,0,
137.007,1893,0,0,0,0,0,0,0,0,0,0,0,0,0,0,0,0,
137.078,1894,0,0,0,0,0,0,0,0,0,0,0,0,0,0,0,0,
137.134,1895,0,0,0,0,0,0,0,0,0,0,0,0,0,0,0,0,
137.196,1896,0,0,0,0,0,0,0,0,0,0,0,0,0,0,0,0,
137.251,1897,0,0,0,0,0,0,0,0,0,0,0,0,0,0,0,0,
137.320,1898,0,0,0,0,0,0,0,0,0,0,0,0,0,0,0,0,
137.385,1899,0,0,0,0,0,0,0,0,0,0,0,0,0,0,0,0,
137.455,1900,0,0,0,0,0,0,0,0,0,0,0,0,0,0,0,0,
137.514,1901,0,0,0,0,0,0,0,0,0,0,0,0,0,0,0,0,
137.573,1902,0,0,0,0,0,0,0,0,0,0,0,0,0,0,0,0,
137.685,1903,0,0,0,0,0,0,0,0,0,0,0,0,0,0,0,0,
137.740,1904,0,0,0,0,0,0,0,0,0,0,0,0,0,0,0,0,
137.801,1905,0,0,0,0,0,0,0,0,0,0,0,0,0,0,0,0,
137.864,1906,0,0,0,0,0,0,0,0,0,0,0,0,0,0,0,0,
137.935,1907,0,0,0,0,0,0,0,0,0,0,0,0,0,0,0,0,
138.002,1908,0,0,0,0,0,0,0,0,0,0,0,0,0,0,0,0,
138.067,1909,0,0,0,0,0,0,0,0,0,0,0,0,0,0,0,0,
138.134,1910,0,0,0,0,0,0,0,0,0,0,0,0,0,0,0,0,
138.196,1911,0,0,0,0,0,0,0,0,0,0,0,0,0,0,0,0,
138.260,1912,0,0,0,0,0,0,0,0,0,0,0,0,0,0,0,0,
138.330,1913,0,0,0,0,0,0,0,0,0,0,0,0,0,0,0,0,
138.399,1914,0,0,0,0,0,0,0,0,0,0,0,0,0,0,0,0,
138.463,1915,0,0,0,0,0,0,0,0,0,0,0,0,0,0,0,0,
138.529,1916,0,0,0,0,0,0,0,0,0,0,0,0,0,0,0,0,
138.601,1917,0,0,0,0,0,0,0,0,0,0,0,0,0,0,0,0,
138.662,1918,0,0,0,0,0,0,0,0,0,0,0,0,0,0,0,0,
138.727,1919,0,0,0,0,0,0,0,0,0,0,0,0,0,0,0,0,
138.789,1920,0,0,0,0,0,0,0,0,0,0,0,0,0,0,0,0,
138.866,1921,0,0,0,0,0,0,0,0,0,0,0,0,0,0,0,0,
138.933,1922,0,0,0,0,0,0,0,0,0,0,0,0,0,0,0,0,
139.097,1923,0,0,0,0,0,0,0,0,0,0,0,0,0,0,0,0,
139.158,1924,0,0,0,0,0,0,0,0,0,0,0,0,0,0,0,0,
139.224,1925,0,0,0,0,0,0,0,0,0,0,0,0,0,0,0,0,
139.284,1926,0,0,0,0,0,0,0,0,0,0,0,0,0,0,0,0,
139.358,1927,0,0,0,0,0,0,0,0,0,0,0,0,0,0,0,0,
139.423,1928,0,0,0,0,0,0,0,0,0,0,0,0,0,0,0,0,
139.488,1929,0,0,0,0,0,0,0,0,0,0,0,0,0,0,0,0,
139.549,1930,0,0,0,0,0,0,0,0,0,0,0,0,0,0,0,0,
139.642,1931,0,0,0,0,0,0,0,0,0,0,0,0,0,0,0,0,
139.704,1932,0,0,0,0,0,0,0,0,0,0,0,0,0,0,0,0,
139.770,1933,0,0,0,0,0,0,0,0,0,0,0,0,0,0,0,0,
139.837,1934,0,0,0,0,0,0,0,0,0,0,0,0,0,0,0,0,
139.942,1935,0,0,0,0,0,0,0,0,0,0,0,0,0,0,0,0,
140.007,1936,0,0,0,0,0,0,0,0,0,0,0,0,0,0,0,0,
140.071,1937,0,0,0,0,0,0,0,0,0,0,0,0,0,0,0,0,
140.133,1938,0,0,0,0,0,0,0,0,0,0,0,0,0,0,0,0,
140.202,1939,0,0,0,0,0,0,0,0,0,0,0,0,0,0,0,0,
140.266,1940,0,0,0,0,0,0,0,0,0,0,0,0,0,0,0,0,
140.334,1941,0,0,0,0,0,0,0,0,0,0,0,0,0,0,0,0,
140.401,1942,0,0,0,0,0,0,0,0,0,0,0,0,0,0,0,0,
140.471,1943,0,0,0,0,0,0,0,0,0,0,0,0,0,0,0,0,
140.539,1944,0,0,0,0,0,0,0,0,0,0,0,0,0,0,0,0,
140.600,1945,0,0,0,0,0,0,0,0,0,0,0,0,0,0,0,0,
140.669,1946,0,0,0,0,0,0,0,0,0,0,0,0,0,0,0,0,
140.732,1947,0,0,0,0,0,0,0,0,0,0,0,0,0,0,0,0,
140.798,1948,0,0,0,0,0,0,0,0,0,0,0,0,0,0,0,0,
140.864,1949,0,0,0,0,0,0,0,0,0,0,0,0,0,0,0,0,
140.927,1950,0,0,0,0,0,0,0,0,0,0,0,0,0,0,0,0,
140.990,1951,0,0,0,0,0,0,0,0,0,0,0,0,0,0,0,0,
141.057,1952,0,0,0,0,0,0,0,0,0,0,0,0,0,0,0,0,
141.128,1953,0,0,0,0,0,0,0,0,0,0,0,0,0,0,0,0,
141.191,1954,0,0,0,0,0,0,0,0,0,0,0,0,0,0,0,0,
141.255,1955,0,0,0,0,0,0,0,0,0,0,0,0,0,0,0,0,
141.323,1956,0,0,0,0,0,0,0,0,0,0,0,0,0,0,0,0,
141.394,1957,0,0,0,0,0,0,0,0,0,0,0,0,0,0,0,0,
141.460,1958,0,0,0,0,0,0,0,0,0,0,0,0,0,0,0,0,
141.552,1959,0,0,0,0,0,0,0,0,0,0,0,0,0,0,0,0,
141.618,1960,0,0,0,0,0,0,0,0,0,0,0,0,0,0,0,0,
141.683,1961,0,0,0,0,0,0,0,0,0,0,0,0,0,0,0,0,
141.799,1962,0,0,0,0,0,0,0,0,0,0,0,0,0,0,0,0,
141.854,1963,0,0,0,0,0,0,0,0,0,0,0,0,0,0,0,0,
141.916,1964,0,0,0,0,0,0,0,0,0,0,0,0,0,0,0,0,
142.069,1965,0,0,0,0,0,0,0,0,0,0,0,0,0,0,0,0,
142.128,1966,0,0,0,0,0,0,0,0,0,0,0,0,0,0,0,0,
142.233,1967,0,0,0,0,0,0,0,0,0,0,0,0,0,0,0,0,
142.407,1968,0,0,0,0,0,0,0,0,0,0,0,0,0,0,0,0,
142.471,1969,0,0,0,0,0,0,0,0,0,0,0,0,0,0,0,0,
142.541,1970,0,0,0,0,0,0,0,0,0,0,0,0,0,0,0,0,
142.606,1971,0,0,0,0,0,0,0,0,0,0,0,0,0,0,0,0,
142.665,1972,0,0,0,0,0,0,0,0,0,0,0,0,0,0,0,0,
142.728,1973,0,0,0,0,0,0,0,0,0,0,0,0,0,0,0,0,
142.790,1974,0,0,0,0,0,0,0,0,0,0,0,0,0,0,0,0,
142.854,1975,0,0,0,0,0,0,0,0,0,0,0,0,0,0,0,0,
142.916,1976,0,0,0,0,0,0,0,0,0,0,0,0,0,0,0,0,
142.978,1977,0,0,0,0,0,0,0,0,0,0,0,0,0,0,0,0,
143.044,1978,0,0,0,0,0,0,0,0,0,0,0,0,0,0,0,0,
143.110,1979,0,0,0,0,0,0,0,0,0,0,0,0,0,0,0,0,
143.174,1980,0,0,0,0,0,0,0,0,0,0,0,0,0,0,0,0,
143.233,1981,0,0,0,0,0,0,0,0,0,0,0,0,0,0,0,0,
143.295,1982,0,0,0,0,0,0,0,0,0,0,0,0,0,0,0,0,
143.381,1983,0,0,0,0,0,0,0,0,0,0,0,0,0,0,0,0,
143.458,1984,0,0,0,0,0,0,0,0,0,0,0,0,0,0,0,0,
143.537,1985,0,0,0,0,0,0,0,0,0,0,0,0,0,0,0,0,
143.603,1986,0,0,0,0,0,0,0,0,0,0,0,0,0,0,0,0,
143.668,1987,0,0,0,0,0,0,0,0,0,0,0,0,0,0,0,0,
143.732,1988,0,0,0,0,0,0,0,0,0,0,0,0,0,0,0,0,
143.792,1989,0,0,0,0,0,0,0,0,0,0,0,0,0,0,0,0,
143.866,1990,0,0,0,0,0,0,0,0,0,0,0,0,0,0,0,0,
143.929,1991,0,0,0,0,0,0,0,0,0,0,0,0,0,0,0,0,
144.040,1992,0,0,0,0,0,0,0,0,0,0,0,0,0,0,0,0,
144.104,1993,0,0,0,0,0,0,0,0,0,0,0,0,0,0,0,0,
144.170,1994,0,0,0,0,0,0,0,0,0,0,0,0,0,0,0,0,
144.236,1995,0,0,0,0,0,0,0,0,0,0,0,0,0,0,0,0,
144.299,1996,0,0,0,0,0,0,0,0,0,0,0,0,0,0,0,0,
144.364,1997,0,0,0,0,0,0,0,0,0,0,0,0,0,0,0,0,
144.428,1998,0,0,0,0,0,0,0,0,0,0,0,0,0,0,0,0,
144.494,1999,0,0,0,0,0,0,0,0,0,0,0,0,0,0,0,0,
144.560,2000,0,0,0,0,0,0,0,0,0,0,0,0,0,0,0,0,
144.655,2001,0,0,0,0,0,0,0,0,0,0,0,0,0,0,0,0,
144.719,2002,0,0,0,0,0,0,0,0,0,0,0,0,0,0,0,0,
144.785,2003,0,0,0,0,0,0,0,0,0,0,0,0,0,0,0,0,
144.860,2004,0,0,0,0,0,0,0,0,0,0,0,0,0,0,0,0,
144.924,2005,0,0,0,0,0,0,0,0,0,0,0,0,0,0,0,0,
144.993,2006,0,0,0,0,0,0,0,0,0,0,0,0,0,0,0,0,
145.064,2007,0,0,0,0,0,0,0,0,0,0,0,0,0,0,0,0,
145.128,2008,0,0,0,0,0,0,0,0,0,0,0,0,0,0,0,0,
145.191,2009,0,0,0,0,0,0,0,0,0,0,0,0,0,0,0,0,
145.277,2010,0,0,0,0,0,0,0,0,0,0,0,0,0,0,0,0,
145.340,2011,0,0,0,0,0,0,0,0,0,0,0,0,0,0,0,0,
145.422,2012,0,0,0,0,0,0,0,0,0,0,0,0,0,0,0,0,
145.486,2013,0,0,0,0,0,0,0,0,0,0,0,0,0,0,0,0,
145.554,2014,0,0,0,0,0,0,0,0,0,0,0,0,0,0,0,0,
145.622,2015,0,0,0,0,0,0,0,0,0,0,0,0,0,0,0,0,
145.689,2016,0,0,0,0,0,0,0,0,0,0,0,0,0,0,0,0,
145.761,2017,0,0,0,0,0,0,0,0,0,0,0,0,0,0,0,0,
145.832,2018,0,0,0,0,0,0,0,0,0,0,0,0,0,0,0,0,
146.176,2019,0,0,0,0,0,0,0,0,0,0,0,0,0,0,0,0,
146.586,2020,0,0,0,0,0,0,0,0,0,0,0,0,0,0,0,0,
146.710,2021,0,0,0,0,0,0,0,0,0,0,0,0,0,0,0,0,
146.953,2022,0,0,0,0,0,0,0,0,0,0,0,0,0,0,0,0,
147.129,2023,0,0,0,0,0,0,0,0,0,0,0,0,0,0,0,0,
147.199,2024,0,0,0,0,0,0,0,0,0,0,0,0,0,0,0,0,
147.370,2025,0,0,0,0,0,0,0,0,0,0,0,0,0,0,0,0,
147.549,2026,0,0,0,0,0,0,0,0,0,0,0,0,0,0,0,0,
147.745,2027,0,0,0,0,0,0,0,0,0,0,0,0,0,0,0,0,
147.814,2028,0,0,0,0,0,0,0,0,0,0,0,0,0,0,0,0,
147.994,2029,0,0,0,0,0,0,0,0,0,0,0,0,0,0,0,0,
148.208,2030,0,0,0,0,0,0,0,0,0,0,0,0,0,0,0,0,
148.336,2031,0,0,0,0,0,0,0,0,0,0,0,0,0,0,0,0,
148.400,2032,0,0,0,0,0,0,0,0,0,0,0,0,0,0,0,0,
148.519,2033,0,0,0,0,0,0,0,0,0,0,0,0,0,0,0,0,
148.584,2034,0,0,0,0,0,0,0,0,0,0,0,0,0,0,0,0,
148.649,2035,0,0,0,0,0,0,0,0,0,0,0,0,0,0,0,0,
149.036,2036,0,0,0,0,0,0,0,0,0,0,0,0,0,0,0,0,
149.102,2037,0,0,0,0,0,0,0,0,0,0,0,0,0,0,0,0,
149.189,2038,0,0,0,0,0,0,0,0,0,0,0,0,0,0,0,0,
149.248,2039,0,0,0,0,0,0,0,0,0,0,0,0,0,0,0,0,
149.317,2040,0,0,0,0,0,0,0,0,0,0,0,0,0,0,0,0,
149.381,2041,0,0,0,0,0,0,0,0,0,0,0,0,0,0,0,0,
149.443,2042,0,0,0,0,0,0,0,0,0,0,0,0,0,0,0,0,
149.518,2043,0,0,0,0,0,0,0,0,0,0,0,0,0,0,0,0,
149.581,2044,0,0,0,0,0,0,0,0,0,0,0,0,0,0,0,0,
149.646,2045,0,0,0,0,0,0,0,0,0,0,0,0,0,0,0,0,
149.723,2046,0,0,0,0,0,0,0,0,0,0,0,0,0,0,0,0,
149.786,2047,0,0,0,0,0,0,0,0,0,0,0,0,0,0,0,0,
149.848,2048,0,0,0,0,0,0,0,0,0,0,0,0,0,0,0,0,
149.914,2049,0,0,0,0,0,0,0,0,0,0,0,0,0,0,0,0,
149.978,2050,0,0,0,0,0,0,0,0,0,0,0,0,0,0,0,0,
150.043,2051,0,0,0,0,0,0,0,0,0,0,0,0,0,0,0,0,
150.110,2052,0,0,0,0,0,0,0,0,0,0,0,0,0,0,0,0,
150.170,2053,0,0,0,0,0,0,0,0,0,0,0,0,0,0,0,0,
150.231,2054,0,0,0,0,0,0,0,0,0,0,0,0,0,0,0,0,
150.297,2055,0,0,0,0,0,0,0,0,0,0,0,0,0,0,0,0,
150.360,2056,0,0,0,0,0,0,0,0,0,0,0,0,0,0,0,0,
150.430,2057,0,0,0,0,0,0,0,0,0,0,0,0,0,0,0,0,
150.500,2058,0,0,0,0,0,0,0,0,0,0,0,0,0,0,0,0,
150.562,2059,0,0,0,0,0,0,0,0,0,0,0,0,0,0,0,0,
150.624,2060,0,0,0,0,0,0,0,0,0,0,0,0,0,0,0,0,
150.688,2061,0,0,0,0,0,0,0,0,0,0,0,0,0,0,0,0,
150.752,2062,0,0,0,0,0,0,0,0,0,0,0,0,0,0,0,0,
150.819,2063,0,0,0,0,0,0,0,0,0,0,0,0,0,0,0,0,
150.891,2064,0,0,0,0,0,0,0,0,0,0,0,0,0,0,0,0,
150.953,2065,0,0,0,0,0,0,0,0,0,0,0,0,0,0,0,0,
151.018,2066,0,0,0,0,0,0,0,0,0,0,0,0,0,0,0,0,
151.083,2067,0,0,0,0,0,0,0,0,0,0,0,0,0,0,0,0,
151.150,2068,0,0,0,0,0,0,0,0,0,0,0,0,0,0,0,0,
151.219,2069,0,0,0,0,0,0,0,0,0,0,0,0,0,0,0,0,
151.272,2070,0,0,0,0,0,0,0,0,0,0,0,0,0,0,0,0,
151.338,2071,0,0,0,0,0,0,0,0,0,0,0,0,0,0,0,0,
151.405,2072,0,0,0,0,0,0,0,0,0,0,0,0,0,0,0,0,
151.466,2073,0,0,0,0,0,0,0,0,0,0,0,0,0,0,0,0,
151.541,2074,0,0,0,0,0,0,0,0,0,0,0,0,0,0,0,0,
151.608,2075,0,0,0,0,0,0,0,0,0,0,0,0,0,0,0,0,
151.677,2076,0,0,0,0,0,0,0,0,0,0,0,0,0,0,0,0,
151.748,2077,0,0,0,0,0,0,0,0,0,0,0,0,0,0,0,0,
151.814,2078,0,0,0,0,0,0,0,0,0,0,0,0,0,0,0,0,
151.877,2079,0,0,0,0,0,0,0,0,0,0,0,0,0,0,0,0,
151.946,2080,0,0,0,0,0,0,0,0,0,0,0,0,0,0,0,0,
152.009,2081,0,0,0,0,0,0,0,0,0,0,0,0,0,0,0,0,
152.072,2082,0,0,0,0,0,0,0,0,0,0,0,0,0,0,0,0,
152.138,2083,0,0,0,0,0,0,0,0,0,0,0,0,0,0,0,0,
152.201,2084,0,0,0,0,0,0,0,0,0,0,0,0,0,0,0,0,
152.270,2085,0,0,0,0,0,0,0,0,0,0,0,0,0,0,0,0,
152.337,2086,0,0,0,0,0,0,0,0,0,0,0,0,0,0,0,0,
152.400,2087,0,0,0,0,0,0,0,0,0,0,0,0,0,0,0,0,
152.469,2088,0,0,0,0,0,0,0,0,0,0,0,0,0,0,0,0,
152.540,2089,0,0,0,0,0,0,0,0,0,0,0,0,0,0,0,0,
152.602,2090,0,0,0,0,0,0,0,0,0,0,0,0,0,0,0,0,
152.667,2091,0,0,0,0,0,0,0,0,0,0,0,0,0,0,0,0,
152.727,2092,0,0,0,0,0,0,0,0,0,0,0,0,0,0,0,0,
152.785,2093,0,0,0,0,0,0,0,0,0,0,0,0,0,0,0,0,
152.849,2094,0,0,0,0,0,0,0,0,0,0,0,0,0,0,0,0,
152.911,2095,0,0,0,0,0,0,0,0,0,0,0,0,0,0,0,0,
152.976,2096,0,0,0,0,0,0,0,0,0,0,0,0,0,0,0,0,
153.041,2097,0,0,0,0,0,0,0,0,0,0,0,0,0,0,0,0,
153.105,2098,0,0,0,0,0,0,0,0,0,0,0,0,0,0,0,0,
153.170,2099,0,0,0,0,0,0,0,0,0,0,0,0,0,0,0,0,
153.227,2100,0,0,0,0,0,0,0,0,0,0,0,0,0,0,0,0,
153.283,2101,0,0,0,0,0,0,0,0,0,0,0,0,0,0,0,0,
153.346,2102,0,0,0,0,0,0,0,0,0,0,0,0,0,0,0,0,
153.413,2103,0,0,0,0,0,0,0,0,0,0,0,0,0,0,0,0,
153.479,2104,0,0,0,0,0,0,0,0,0,0,0,0,0,0,0,0,
153.545,2105,0,0,0,0,0,0,0,0,0,0,0,0,0,0,0,0,
153.609,2106,0,0,0,0,0,0,0,0,0,0,0,0,0,0,0,0,
153.673,2107,0,0,0,0,0,0,0,0,0,0,0,0,0,0,0,0,
153.734,2108,0,0,0,0,0,0,0,0,0,0,0,0,0,0,0,0,
153.796,2109,0,0,0,0,0,0,0,0,0,0,0,0,0,0,0,0,
153.862,2110,0,0,0,0,0,0,0,0,0,0,0,0,0,0,0,0,
153.930,2111,0,0,0,0,0,0,0,0,0,0,0,0,0,0,0,0,
154.079,2112,0,0,0,0,0,0,0,0,0,0,0,0,0,0,0,0,
154.141,2113,0,0,0,0,0,0,0,0,0,0,0,0,0,0,0,0,
154.205,2114,0,0,0,0,0,0,0,0,0,0,0,0,0,0,0,0,
154.275,2115,0,0,0,0,0,0,0,0,0,0,0,0,0,0,0,0,
154.338,2116,0,0,0,0,0,0,0,0,0,0,0,0,0,0,0,0,
154.404,2117,0,0,0,0,0,0,0,0,0,0,0,0,0,0,0,0,
154.475,2118,0,0,0,0,0,0,0,0,0,0,0,0,0,0,0,0,
154.541,2119,0,0,0,0,0,0,0,0,0,0,0,0,0,0,0,0,
154.619,2120,0,0,0,0,0,0,0,0,0,0,0,0,0,0,0,0,
154.707,2121,0,0,0,0,0,0,0,0,0,0,0,0,0,0,0,0,
154.768,2122,0,0,0,0,0,0,0,0,0,0,0,0,0,0,0,0,
154.836,2123,0,0,0,0,0,0,0,0,0,0,0,0,0,0,0,0,
154.901,2124,0,0,0,0,0,0,0,0,0,0,0,0,0,0,0,0,
154.966,2125,0,0,0,0,0,0,0,0,0,0,0,0,0,0,0,0,
155.029,2126,0,0,0,0,0,0,0,0,0,0,0,0,0,0,0,0,
155.097,2127,0,0,0,0,0,0,0,0,0,0,0,0,0,0,0,0,
155.165,2128,0,0,0,0,0,0,0,0,0,0,0,0,0,0,0,0,
155.231,2129,0,0,0,0,0,0,0,0,0,0,0,0,0,0,0,0,
155.299,2130,0,0,0,0,0,0,0,0,0,0,0,0,0,0,0,0,
155.363,2131,0,0,0,0,0,0,0,0,0,0,0,0,0,0,0,0,
155.437,2132,0,0,0,0,0,0,0,0,0,0,0,0,0,0,0,0,
155.508,2133,0,0,0,0,0,0,0,0,0,0,0,0,0,0,0,0,
155.590,2134,0,0,0,0,0,0,0,0,0,0,0,0,0,0,0,0,
155.655,2135,0,0,0,0,0,0,0,0,0,0,0,0,0,0,0,0,
155.724,2136,0,0,0,0,0,0,0,0,0,0,0,0,0,0,0,0,
155.791,2137,0,0,0,0,0,0,0,0,0,0,0,0,0,0,0,0,
155.862,2138,0,0,0,0,0,0,0,0,0,0,0,0,0,0,0,0,
155.928,2139,0,0,0,0,0,0,0,0,0,0,0,0,0,0,0,0,
156.002,2140,0,0,0,0,0,0,0,0,0,0,0,0,0,0,0,0,
156.285,2141,0,0,0,0,0,0,0,0,0,0,0,0,0,0,0,0,
156.349,2142,0,0,0,0,0,0,0,0,0,0,0,0,0,0,0,0,
156.415,2143,0,0,0,0,0,0,0,0,0,0,0,0,0,0,0,0,
156.484,2144,0,0,0,0,0,0,0,0,0,0,0,0,0,0,0,0,
156.552,2145,0,0,0,0,0,0,0,0,0,0,0,0,0,0,0,0,
156.622,2146,0,0,0,0,0,0,0,0,0,0,0,0,0,0,0,0,
156.689,2147,0,0,0,0,0,0,0,0,0,0,0,0,0,0,0,0,
156.776,2148,0,0,0,0,0,0,0,0,0,0,0,0,0,0,0,0,
156.850,2149,0,0,0,0,0,0,0,0,0,0,0,0,0,0,0,0,
156.905,2150,0,0,0,0,0,0,0,0,0,0,0,0,0,0,0,0,
156.960,2151,0,0,0,0,0,0,0,0,0,0,0,0,0,0,0,0,
157.021,2152,0,0,0,0,0,0,0,0,0,0,0,0,0,0,0,0,
157.086,2153,0,0,0,0,0,0,0,0,0,0,0,0,0,0,0,0,
157.154,2154,0,0,0,0,0,0,0,0,0,0,0,0,0,0,0,0,
157.218,2155,0,0,0,0,0,0,0,0,0,0,0,0,0,0,0,0,
157.275,2156,0,0,0,0,0,0,0,0,0,0,0,0,0,0,0,0,
157.344,2157,0,0,0,0,0,0,0,0,0,0,0,0,0,0,0,0,
157.408,2158,0,0,0,0,0,0,0,0,0,0,0,0,0,0,0,0,
157.477,2159,0,0,0,0,0,0,0,0,0,0,0,0,0,0,0,0,
157.544,2160,0,0,0,0,0,0,0,0,0,0,0,0,0,0,0,0,
